,Unnamed: 0,Unnamed: 0.1,Unnamed: 0.1.1,Unnamed: 0.1.1.1,Unnamed: 0.1.1.1.1,Unnamed: 0.1.1.1.1.1,Unnamed: 0.1.1.1.1.1.1,Unnamed: 0.1.1.1.1.1.1.1,batch_size,iter,lambda,Ak/A0,version
0,0,0,0,0,0,0,0,0,1,0,0.1,0.0024758045458628,0.0
1,1,1,1,1,1,1,1,1,1,1,0.1,0.0024757253488864,0.0
2,2,2,2,2,2,2,2,2,1,2,0.1,0.0024752145757724,0.0
3,3,3,3,3,3,3,3,3,1,3,0.1,0.0024746647277046,0.0
4,4,4,4,4,4,4,4,4,1,4,0.1,0.002470537711488,0.0
5,5,5,5,5,5,5,5,5,1,5,0.1,0.0024700745046339,0.0
6,6,6,6,6,6,6,6,6,1,6,0.1,0.0024698414568239,0.0
7,7,7,7,7,7,7,7,7,1,7,0.1,0.0024729803719547,0.0
8,8,8,8,8,8,8,8,8,1,8,0.1,0.0024722964766028,0.0
9,9,9,9,9,9,9,9,9,1,9,0.1,0.0024615735877628,0.0
10,10,10,10,10,10,10,10,10,1,10,0.1,0.0024613109660815,0.0
11,11,11,11,11,11,11,11,11,1,11,0.1,0.0024613078939932,0.0
12,12,12,12,12,12,12,12,12,1,12,0.1,0.0024616144330712,0.0
13,13,13,13,13,13,13,13,13,1,13,0.1,0.0024606569629126,0.0
14,14,14,14,14,14,14,14,14,1,14,0.1,0.0024605539767259,0.0
15,15,15,15,15,15,15,15,15,1,15,0.1,0.0024474210404846,0.0
16,16,16,16,16,16,16,16,16,1,16,0.1,0.0024474209108971,0.0
17,17,17,17,17,17,17,17,17,1,17,0.1,0.0024474004429622,0.0
18,18,18,18,18,18,18,18,18,1,18,0.1,0.0024490075350203,0.0
19,19,19,19,19,19,19,19,19,1,19,0.1,0.0024490075350194,0.0
20,20,20,20,20,20,20,20,20,1,20,0.1,0.0024496180398565,0.0
21,21,21,21,21,21,21,21,21,1,21,0.1,0.0024487292306461,0.0
22,22,22,22,22,22,22,22,22,1,22,0.1,0.002445975621942,0.0
23,23,23,23,23,23,23,23,23,1,23,0.1,0.0024433270394369,0.0
24,24,24,24,24,24,24,24,24,1,24,0.1,0.0024432932092153,0.0
25,25,25,25,25,25,25,25,25,1,25,0.1,0.0024394472961555,0.0
26,26,26,26,26,26,26,26,26,1,26,0.1,0.0024348611874782,0.0
27,27,27,27,27,27,27,27,27,1,27,0.1,0.0024321608139342,0.0
28,28,28,28,28,28,28,28,28,1,28,0.1,0.002431979471177,0.0
29,29,29,29,29,29,29,29,29,1,29,0.1,0.0024323993477686,0.0
30,30,30,30,30,30,30,30,30,1,30,0.1,0.0024313361764259,0.0
31,31,31,31,31,31,31,31,31,1,31,0.1,0.0024312743629225,0.0
32,32,32,32,32,32,32,32,32,1,32,0.1,0.0024070142331492,0.0
33,33,33,33,33,33,33,33,33,1,33,0.1,0.0024012111488568,0.0
34,34,34,34,34,34,34,34,34,1,34,0.1,0.0023973533781014,0.0
35,35,35,35,35,35,35,35,35,1,35,0.1,0.0023964819945641,0.0
36,36,36,36,36,36,36,36,36,1,36,0.1,0.002396481987929,0.0
37,37,37,37,37,37,37,37,37,1,37,0.1,0.0023960646150062,0.0
38,38,38,38,38,38,38,38,38,1,38,0.1,0.0023936432356495,0.0
39,39,39,39,39,39,39,39,39,1,39,0.1,0.0023933128554207,0.0
40,40,40,40,40,40,40,40,40,1,40,0.1,0.0023932974435768,0.0
41,41,41,41,41,41,41,41,41,1,41,0.1,0.0023949273867245,0.0
42,42,42,42,42,42,42,42,42,1,42,0.1,0.0023895871048108,0.0
43,43,43,43,43,43,43,43,43,1,43,0.1,0.0023815253728937,0.0
44,44,44,44,44,44,44,44,44,1,44,0.1,0.0023802401748568,0.0
45,45,45,45,45,45,45,45,45,1,45,0.1,0.0023606556062131,0.0
46,46,46,46,46,46,46,46,46,1,46,0.1,0.0023443716105566,0.0
47,47,47,47,47,47,47,47,47,1,47,0.1,0.0023436940328926,0.0
48,48,48,48,48,48,48,48,48,1,48,0.1,0.0023436109664356,0.0
49,49,49,49,49,49,49,49,49,1,49,0.1,0.0023119909542091,0.0
50,50,50,50,50,50,50,50,50,1,50,0.1,0.0023011409985969,0.0
51,51,51,51,51,51,51,51,51,1,51,0.1,0.0023011122875083,0.0
52,52,52,52,52,52,52,52,52,1,52,0.1,0.0022925042254926,0.0
53,53,53,53,53,53,53,53,53,1,53,0.1,0.0022914345532897,0.0
54,54,54,54,54,54,54,54,54,1,54,0.1,0.002289439934313,0.0
55,55,55,55,55,55,55,55,55,1,55,0.1,0.0022894398713223,0.0
56,56,56,56,56,56,56,56,56,1,56,0.1,0.0022886558475582,0.0
57,57,57,57,57,57,57,57,57,1,57,0.1,0.0022881512724278,0.0
58,58,58,58,58,58,58,58,58,1,58,0.1,0.0022875263028558,0.0
59,59,59,59,59,59,59,59,59,1,59,0.1,0.0022737948361952,0.0
60,60,60,60,60,60,60,60,60,1,60,0.1,0.0022378845130464,0.0
61,61,61,61,61,61,61,61,61,1,61,0.1,0.0022166014556777,0.0
62,62,62,62,62,62,62,62,62,1,62,0.1,0.0022145260225088,0.0
63,63,63,63,63,63,63,63,63,1,63,0.1,0.0022130830278158,0.0
64,64,64,64,64,64,64,64,64,1,64,0.1,0.0022129465041391,0.0
65,65,65,65,65,65,65,65,65,1,65,0.1,0.002209785349379,0.0
66,66,66,66,66,66,66,66,66,1,66,0.1,0.0021708151385874,0.0
67,67,67,67,67,67,67,67,67,1,67,0.1,0.0021635599071906,0.0
68,68,68,68,68,68,68,68,68,1,68,0.1,0.0021575511192365,0.0
69,69,69,69,69,69,69,69,69,1,69,0.1,0.0021573049843343,0.0
70,70,70,70,70,70,70,70,70,1,70,0.1,0.0021550019376015,0.0
71,71,71,71,71,71,71,71,71,1,71,0.1,0.0021370487596848,0.0
72,72,72,72,72,72,72,72,72,1,72,0.1,0.0021374929069237,0.0
73,73,73,73,73,73,73,73,73,1,73,0.1,0.0021374506104691,0.0
74,74,74,74,74,74,74,74,74,1,74,0.1,0.0021358886126595,0.0
75,75,75,75,75,75,75,75,75,1,75,0.1,0.0021358851316616,0.0
76,76,76,76,76,76,76,76,76,1,76,0.1,0.0021358851226717,0.0
77,77,77,77,77,77,77,77,77,1,77,0.1,0.0021313056679879,0.0
78,78,78,78,78,78,78,78,78,1,78,0.1,0.0021312768378652,0.0
79,79,79,79,79,79,79,79,79,1,79,0.1,0.00212548287508,0.0
80,80,80,80,80,80,80,80,80,1,80,0.1,0.0021254828751433,0.0
81,81,81,81,81,81,81,81,81,1,81,0.1,0.0021263674236923,0.0
82,82,82,82,82,82,82,82,82,1,82,0.1,0.0021249012641831,0.0
83,83,83,83,83,83,83,83,83,1,83,0.1,0.0021248365105005,0.0
84,84,84,84,84,84,84,84,84,1,84,0.1,0.002124836317385,0.0
85,85,85,85,85,85,85,85,85,1,85,0.1,0.0020857154645205,0.0
86,86,86,86,86,86,86,86,86,1,86,0.1,0.002079497878219,0.0
87,87,87,87,87,87,87,87,87,1,87,0.1,0.0020766668621501,0.0
88,88,88,88,88,88,88,88,88,1,88,0.1,0.0020753146696765,0.0
89,89,89,89,89,89,89,89,89,1,89,0.1,0.0020753146083007,0.0
90,90,90,90,90,90,90,90,90,1,90,0.1,0.0020753134438231,0.0
91,91,91,91,91,91,91,91,91,1,91,0.1,0.0020720386902797,0.0
92,92,92,92,92,92,92,92,92,1,92,0.1,0.002071758086827,0.0
93,93,93,93,93,93,93,93,93,1,93,0.1,0.0020715662020455,0.0
94,94,94,94,94,94,94,94,94,1,94,0.1,0.0020716496165452,0.0
95,95,95,95,95,95,95,95,95,1,95,0.1,0.0020701978718065,0.0
96,96,96,96,96,96,96,96,96,1,96,0.1,0.0020678331537232,0.0
97,97,97,97,97,97,97,97,97,1,97,0.1,0.0020677162549962,0.0
98,98,98,98,98,98,98,98,98,1,98,0.1,0.0020676588532337,0.0
99,99,99,99,99,99,99,99,99,1,99,0.1,0.0020874233492539,0.0
100,100,100,100,100,100,100,100,100,1,0,0.001,0.1420452381698603,0.0
101,101,101,101,101,101,101,101,101,1,1,0.001,0.1419523434456207,0.0
102,102,102,102,102,102,102,102,102,1,2,0.001,0.1418927911529968,0.0
103,103,103,103,103,103,103,103,103,1,3,0.001,0.1408484284687902,0.0
104,104,104,104,104,104,104,104,104,1,4,0.001,0.1408458253852795,0.0
105,105,105,105,105,105,105,105,105,1,5,0.001,0.1408004056884676,0.0
106,106,106,106,106,106,106,106,106,1,6,0.001,0.1402491011300738,0.0
107,107,107,107,107,107,107,107,107,1,7,0.001,0.1402740328415174,0.0
108,108,108,108,108,108,108,108,108,1,8,0.001,0.1400864179095728,0.0
109,109,109,109,109,109,109,109,109,1,9,0.001,0.1400882586961067,0.0
110,110,110,110,110,110,110,110,110,1,10,0.001,0.1400195708654431,0.0
111,111,111,111,111,111,111,111,111,1,11,0.001,0.1400191696320249,0.0
112,112,112,112,112,112,112,112,112,1,12,0.001,0.140002789050768,0.0
113,113,113,113,113,113,113,113,113,1,13,0.001,0.1390773134270591,0.0
114,114,114,114,114,114,114,114,114,1,14,0.001,0.1386478819952621,0.0
115,115,115,115,115,115,115,115,115,1,15,0.001,0.1386473834738027,0.0
116,116,116,116,116,116,116,116,116,1,16,0.001,0.1386634302841986,0.0
117,117,117,117,117,117,117,117,117,1,17,0.001,0.1386378018526975,0.0
118,118,118,118,118,118,118,118,118,1,18,0.001,0.138175088384392,0.0
119,119,119,119,119,119,119,119,119,1,19,0.001,0.1377550809885647,0.0
120,120,120,120,120,120,120,120,120,1,20,0.001,0.1377622551691158,0.0
121,121,121,121,121,121,121,121,121,1,21,0.001,0.1377506980744941,0.0
122,122,122,122,122,122,122,122,122,1,22,0.001,0.1375100227357264,0.0
123,123,123,123,123,123,123,123,123,1,23,0.001,0.1374030220057077,0.0
124,124,124,124,124,124,124,124,124,1,24,0.001,0.1369069667403168,0.0
125,125,125,125,125,125,125,125,125,1,25,0.001,0.1368979070640989,0.0
126,126,126,126,126,126,126,126,126,1,26,0.001,0.135526239837576,0.0
127,127,127,127,127,127,127,127,127,1,27,0.001,0.1355262142242597,0.0
128,128,128,128,128,128,128,128,128,1,28,0.001,0.1355262140585006,0.0
129,129,129,129,129,129,129,129,129,1,29,0.001,0.135526579461162,0.0
130,130,130,130,130,130,130,130,130,1,30,0.001,0.1355485876767556,0.0
131,131,131,131,131,131,131,131,131,1,31,0.001,0.1338906662688708,0.0
132,132,132,132,132,132,132,132,132,1,32,0.001,0.1337203612622174,0.0
133,133,133,133,133,133,133,133,133,1,33,0.001,0.1336703407903135,0.0
134,134,134,134,134,134,134,134,134,1,34,0.001,0.13364533615749,0.0
135,135,135,135,135,135,135,135,135,1,35,0.001,0.1336282052557527,0.0
136,136,136,136,136,136,136,136,136,1,36,0.001,0.1336233047219384,0.0
137,137,137,137,137,137,137,137,137,1,37,0.001,0.1333212920568327,0.0
138,138,138,138,138,138,138,138,138,1,38,0.001,0.1333057661867511,0.0
139,139,139,139,139,139,139,139,139,1,39,0.001,0.1332560642794016,0.0
140,140,140,140,140,140,140,140,140,1,40,0.001,0.1332525544713629,0.0
141,141,141,141,141,141,141,141,141,1,41,0.001,0.13326362248896,0.0
142,142,142,142,142,142,142,142,142,1,42,0.001,0.1332451160594425,0.0
143,143,143,143,143,143,143,143,143,1,43,0.001,0.1323394880559512,0.0
144,144,144,144,144,144,144,144,144,1,44,0.001,0.1323018066111852,0.0
145,145,145,145,145,145,145,145,145,1,45,0.001,0.132294238795791,0.0
146,146,146,146,146,146,146,146,146,1,46,0.001,0.1322928599358417,0.0
147,147,147,147,147,147,147,147,147,1,47,0.001,0.1323538972419382,0.0
148,148,148,148,148,148,148,148,148,1,48,0.001,0.1323519747416518,0.0
149,149,149,149,149,149,149,149,149,1,49,0.001,0.1323519737088822,0.0
150,150,150,150,150,150,150,150,150,1,50,0.001,0.1323442053344205,0.0
151,151,151,151,151,151,151,151,151,1,51,0.001,0.1322590631613646,0.0
152,152,152,152,152,152,152,152,152,1,52,0.001,0.1322590631484267,0.0
153,153,153,153,153,153,153,153,153,1,53,0.001,0.128171726417332,0.0
154,154,154,154,154,154,154,154,154,1,54,0.001,0.1281685980366695,0.0
155,155,155,155,155,155,155,155,155,1,55,0.001,0.1279861077550876,0.0
156,156,156,156,156,156,156,156,156,1,56,0.001,0.1279826615809592,0.0
157,157,157,157,157,157,157,157,157,1,57,0.001,0.1279078122585797,0.0
158,158,158,158,158,158,158,158,158,1,58,0.001,0.1251103167256926,0.0
159,159,159,159,159,159,159,159,159,1,59,0.001,0.1252660139255975,0.0
160,160,160,160,160,160,160,160,160,1,60,0.001,0.12509391438636,0.0
161,161,161,161,161,161,161,161,161,1,61,0.001,0.1250629548487548,0.0
162,162,162,162,162,162,162,162,162,1,62,0.001,0.1249948217362258,0.0
163,163,163,163,163,163,163,163,163,1,63,0.001,0.1250687968294904,0.0
164,164,164,164,164,164,164,164,164,1,64,0.001,0.1250684012746522,0.0
165,165,165,165,165,165,165,165,165,1,65,0.001,0.1250754613464831,0.0
166,166,166,166,166,166,166,166,166,1,66,0.001,0.1250672645676153,0.0
167,167,167,167,167,167,167,167,167,1,67,0.001,0.1250672627752772,0.0
168,168,168,168,168,168,168,168,168,1,68,0.001,0.1250494306728597,0.0
169,169,169,169,169,169,169,169,169,1,69,0.001,0.1245907217340421,0.0
170,170,170,170,170,170,170,170,170,1,70,0.001,0.1245980404883044,0.0
171,171,171,171,171,171,171,171,171,1,71,0.001,0.123533447974056,0.0
172,172,172,172,172,172,172,172,172,1,72,0.001,0.1235334469904572,0.0
173,173,173,173,173,173,173,173,173,1,73,0.001,0.1233768358624738,0.0
174,174,174,174,174,174,174,174,174,1,74,0.001,0.1230418929047072,0.0
175,175,175,175,175,175,175,175,175,1,75,0.001,0.1226193713501324,0.0
176,176,176,176,176,176,176,176,176,1,76,0.001,0.1223299635456515,0.0
177,177,177,177,177,177,177,177,177,1,77,0.001,0.1223299635305869,0.0
178,178,178,178,178,178,178,178,178,1,78,0.001,0.1205389098916079,0.0
179,179,179,179,179,179,179,179,179,1,79,0.001,0.1205217539199549,0.0
180,180,180,180,180,180,180,180,180,1,80,0.001,0.1204934016479562,0.0
181,181,181,181,181,181,181,181,181,1,81,0.001,0.1202600177952506,0.0
182,182,182,182,182,182,182,182,182,1,82,0.001,0.1179639157744376,0.0
183,183,183,183,183,183,183,183,183,1,83,0.001,0.1178884543219834,0.0
184,184,184,184,184,184,184,184,184,1,84,0.001,0.1177929847631525,0.0
185,185,185,185,185,185,185,185,185,1,85,0.001,0.1177929846204893,0.0
186,186,186,186,186,186,186,186,186,1,86,0.001,0.1177836237653067,0.0
187,187,187,187,187,187,187,187,187,1,87,0.001,0.1172477542771678,0.0
188,188,188,188,188,188,188,188,188,1,88,0.001,0.1172475695725484,0.0
189,189,189,189,189,189,189,189,189,1,89,0.001,0.1171487915191461,0.0
190,190,190,190,190,190,190,190,190,1,90,0.001,0.1171237167876644,0.0
191,191,191,191,191,191,191,191,191,1,91,0.001,0.1171185687864293,0.0
192,192,192,192,192,192,192,192,192,1,92,0.001,0.1171074923640849,0.0
193,193,193,193,193,193,193,193,193,1,93,0.001,0.1171052434806071,0.0
194,194,194,194,194,194,194,194,194,1,94,0.001,0.1170727973623953,0.0
195,195,195,195,195,195,195,195,195,1,95,0.001,0.1170819619930529,0.0
196,196,196,196,196,196,196,196,196,1,96,0.001,0.1170818458525251,0.0
197,197,197,197,197,197,197,197,197,1,97,0.001,0.1171536838110924,0.0
198,198,198,198,198,198,198,198,198,1,98,0.001,0.1171718230263824,0.0
199,199,199,199,199,199,199,199,199,1,99,0.001,0.1168739330866522,0.0
200,200,200,200,200,200,200,200,200,1,0,0.0001,0.1514999190426388,0.0
201,201,201,201,201,201,201,201,201,1,1,0.0001,0.1514992150044173,0.0
202,202,202,202,202,202,202,202,202,1,2,0.0001,0.1514990644060652,0.0
203,203,203,203,203,203,203,203,203,1,3,0.0001,0.1513987783787536,0.0
204,204,204,204,204,204,204,204,204,1,4,0.0001,0.1512959916578834,0.0
205,205,205,205,205,205,205,205,205,1,5,0.0001,0.1512917992951076,0.0
206,206,206,206,206,206,206,206,206,1,6,0.0001,0.1510119228885293,0.0
207,207,207,207,207,207,207,207,207,1,7,0.0001,0.15102325520829,0.0
208,208,208,208,208,208,208,208,208,1,8,0.0001,0.1510225836356045,0.0
209,209,209,209,209,209,209,209,209,1,9,0.0001,0.1510199032986678,0.0
210,210,210,210,210,210,210,210,210,1,10,0.0001,0.1510190562137282,0.0
211,211,211,211,211,211,211,211,211,1,11,0.0001,0.1509481721945774,0.0
212,212,212,212,212,212,212,212,212,1,12,0.0001,0.1509278173897267,0.0
213,213,213,213,213,213,213,213,213,1,13,0.0001,0.1509278173895718,0.0
214,214,214,214,214,214,214,214,214,1,14,0.0001,0.150864972746721,0.0
215,215,215,215,215,215,215,215,215,1,15,0.0001,0.1508550158026365,0.0
216,216,216,216,216,216,216,216,216,1,16,0.0001,0.1507947047621614,0.0
217,217,217,217,217,217,217,217,217,1,17,0.0001,0.1501329371100053,0.0
218,218,218,218,218,218,218,218,218,1,18,0.0001,0.150155550502572,0.0
219,219,219,219,219,219,219,219,219,1,19,0.0001,0.1501320590589203,0.0
220,220,220,220,220,220,220,220,220,1,20,0.0001,0.1501162117655182,0.0
221,221,221,221,221,221,221,221,221,1,21,0.0001,0.1499664780864995,0.0
222,222,222,222,222,222,222,222,222,1,22,0.0001,0.1499663813818928,0.0
223,223,223,223,223,223,223,223,223,1,23,0.0001,0.1499682500857257,0.0
224,224,224,224,224,224,224,224,224,1,24,0.0001,0.148953884909676,0.0
225,225,225,225,225,225,225,225,225,1,25,0.0001,0.1489027920269151,0.0
226,226,226,226,226,226,226,226,226,1,26,0.0001,0.1488322315230976,0.0
227,227,227,227,227,227,227,227,227,1,27,0.0001,0.1487741752087076,0.0
228,228,228,228,228,228,228,228,228,1,28,0.0001,0.1487564856287491,0.0
229,229,229,229,229,229,229,229,229,1,29,0.0001,0.1487536778592048,0.0
230,230,230,230,230,230,230,230,230,1,30,0.0001,0.148753677852234,0.0
231,231,231,231,231,231,231,231,231,1,31,0.0001,0.1485764426594845,0.0
232,232,232,232,232,232,232,232,232,1,32,0.0001,0.1485167582631806,0.0
233,233,233,233,233,233,233,233,233,1,33,0.0001,0.1485187015549355,0.0
234,234,234,234,234,234,234,234,234,1,34,0.0001,0.1485151666011669,0.0
235,235,235,235,235,235,235,235,235,1,35,0.0001,0.1485243449102322,0.0
236,236,236,236,236,236,236,236,236,1,36,0.0001,0.1484848438668354,0.0
237,237,237,237,237,237,237,237,237,1,37,0.0001,0.1476806440307055,0.0
238,238,238,238,238,238,238,238,238,1,38,0.0001,0.1476659202653304,0.0
239,239,239,239,239,239,239,239,239,1,39,0.0001,0.1476658987081815,0.0
240,240,240,240,240,240,240,240,240,1,40,0.0001,0.1466573523605119,0.0
241,241,241,241,241,241,241,241,241,1,41,0.0001,0.145806381825029,0.0
242,242,242,242,242,242,242,242,242,1,42,0.0001,0.1458063769551867,0.0
243,243,243,243,243,243,243,243,243,1,43,0.0001,0.1457177721441082,0.0
244,244,244,244,244,244,244,244,244,1,44,0.0001,0.1457116753738601,0.0
245,245,245,245,245,245,245,245,245,1,45,0.0001,0.1452617287123137,0.0
246,246,246,246,246,246,246,246,246,1,46,0.0001,0.1449791348492429,0.0
247,247,247,247,247,247,247,247,247,1,47,0.0001,0.1449791124771088,0.0
248,248,248,248,248,248,248,248,248,1,48,0.0001,0.1432617762630782,0.0
249,249,249,249,249,249,249,249,249,1,49,0.0001,0.1421281759949328,0.0
250,250,250,250,250,250,250,250,250,1,50,0.0001,0.1421874537189605,0.0
251,251,251,251,251,251,251,251,251,1,51,0.0001,0.1420470863788039,0.0
252,252,252,252,252,252,252,252,252,1,52,0.0001,0.1419091281362769,0.0
253,253,253,253,253,253,253,253,253,1,53,0.0001,0.1412779030623401,0.0
254,254,254,254,254,254,254,254,254,1,54,0.0001,0.1412720077863181,0.0
255,255,255,255,255,255,255,255,255,1,55,0.0001,0.1410977907853713,0.0
256,256,256,256,256,256,256,256,256,1,56,0.0001,0.1410955429732309,0.0
257,257,257,257,257,257,257,257,257,1,57,0.0001,0.1410791811366623,0.0
258,258,258,258,258,258,258,258,258,1,58,0.0001,0.1410755466878513,0.0
259,259,259,259,259,259,259,259,259,1,59,0.0001,0.1407710743237823,0.0
260,260,260,260,260,260,260,260,260,1,60,0.0001,0.1406948680959163,0.0
261,261,261,261,261,261,261,261,261,1,61,0.0001,0.1406098970582583,0.0
262,262,262,262,262,262,262,262,262,1,62,0.0001,0.1406423955146779,0.0
263,263,263,263,263,263,263,263,263,1,63,0.0001,0.1396735181107806,0.0
264,264,264,264,264,264,264,264,264,1,64,0.0001,0.1396734949343344,0.0
265,265,265,265,265,265,265,265,265,1,65,0.0001,0.1367956614669365,0.0
266,266,266,266,266,266,266,266,266,1,66,0.0001,0.1367956655226534,0.0
267,267,267,267,267,267,267,267,267,1,67,0.0001,0.1360415003945074,0.0
268,268,268,268,268,268,268,268,268,1,68,0.0001,0.13603371156182,0.0
269,269,269,269,269,269,269,269,269,1,69,0.0001,0.1360334962858367,0.0
270,270,270,270,270,270,270,270,270,1,70,0.0001,0.1360373040100403,0.0
271,271,271,271,271,271,271,271,271,1,71,0.0001,0.1360286821940803,0.0
272,272,272,272,272,272,272,272,272,1,72,0.0001,0.1360147990154485,0.0
273,273,273,273,273,273,273,273,273,1,73,0.0001,0.1358819027624533,0.0
274,274,274,274,274,274,274,274,274,1,74,0.0001,0.1358062473666863,0.0
275,275,275,275,275,275,275,275,275,1,75,0.0001,0.1353962844549364,0.0
276,276,276,276,276,276,276,276,276,1,76,0.0001,0.1354002799032682,0.0
277,277,277,277,277,277,277,277,277,1,77,0.0001,0.135141788748269,0.0
278,278,278,278,278,278,278,278,278,1,78,0.0001,0.1351659250325671,0.0
279,279,279,279,279,279,279,279,279,1,79,0.0001,0.1348310648268368,0.0
280,280,280,280,280,280,280,280,280,1,80,0.0001,0.1348308999752484,0.0
281,281,281,281,281,281,281,281,281,1,81,0.0001,0.1348284128774542,0.0
282,282,282,282,282,282,282,282,282,1,82,0.0001,0.1348398729949919,0.0
283,283,283,283,283,283,283,283,283,1,83,0.0001,0.1342935951772876,0.0
284,284,284,284,284,284,284,284,284,1,84,0.0001,0.1342935456313018,0.0
285,285,285,285,285,285,285,285,285,1,85,0.0001,0.1339565519238017,0.0
286,286,286,286,286,286,286,286,286,1,86,0.0001,0.1339565502144728,0.0
287,287,287,287,287,287,287,287,287,1,87,0.0001,0.1339251880627327,0.0
288,288,288,288,288,288,288,288,288,1,88,0.0001,0.1339242932206684,0.0
289,289,289,289,289,289,289,289,289,1,89,0.0001,0.133607646370114,0.0
290,290,290,290,290,290,290,290,290,1,90,0.0001,0.1334972778339275,0.0
291,291,291,291,291,291,291,291,291,1,91,0.0001,0.1334804239863942,0.0
292,292,292,292,292,292,292,292,292,1,92,0.0001,0.1334803437434249,0.0
293,293,293,293,293,293,293,293,293,1,93,0.0001,0.1335814945496933,0.0
294,294,294,294,294,294,294,294,294,1,94,0.0001,0.1335814225928872,0.0
295,295,295,295,295,295,295,295,295,1,95,0.0001,0.1322443022378632,0.0
296,296,296,296,296,296,296,296,296,1,96,0.0001,0.1320023916203588,0.0
297,297,297,297,297,297,297,297,297,1,97,0.0001,0.1302853260282739,0.0
298,298,298,298,298,298,298,298,298,1,98,0.0001,0.1302410094982297,0.0
299,299,299,299,299,299,299,299,299,1,99,0.0001,0.1302409870157211,0.0
300,300,300,300,300,300,300,300,300,2,0,0.1,0.0024758045458628,0.0
301,301,301,301,301,301,301,301,301,2,1,0.1,0.0024657385737201,0.0
302,302,302,302,302,302,302,302,302,2,2,0.1,0.0024623123129859,0.0
303,303,303,303,303,303,303,303,303,2,3,0.1,0.0024583722449801,0.0
304,304,304,304,304,304,304,304,304,2,4,0.1,0.0024550235109815,0.0
305,305,305,305,305,305,305,305,305,2,5,0.1,0.0024504193618835,0.0
306,306,306,306,306,306,306,306,306,2,6,0.1,0.0024489748141325,0.0
307,307,307,307,307,307,307,307,307,2,7,0.1,0.0024032392231153,0.0
308,308,308,308,308,308,308,308,308,2,8,0.1,0.0024024741532368,0.0
309,309,309,309,309,309,309,309,309,2,9,0.1,0.002354478827992,0.0
310,310,310,310,310,310,310,310,310,2,10,0.1,0.0023529694951159,0.0
311,311,311,311,311,311,311,311,311,2,11,0.1,0.0023432976408216,0.0
312,312,312,312,312,312,312,312,312,2,12,0.1,0.002341240365425,0.0
313,313,313,313,313,313,313,313,313,2,13,0.1,0.0023438810197894,0.0
314,314,314,314,314,314,314,314,314,2,14,0.1,0.0023343168535189,0.0
315,315,315,315,315,315,315,315,315,2,15,0.1,0.0022691322722564,0.0
316,316,316,316,316,316,316,316,316,2,16,0.1,0.0022654738119777,0.0
317,317,317,317,317,317,317,317,317,2,17,0.1,0.0022653498410964,0.0
318,318,318,318,318,318,318,318,318,2,18,0.1,0.0022677875224073,0.0
319,319,319,319,319,319,319,319,319,2,19,0.1,0.0022160124459368,0.0
320,320,320,320,320,320,320,320,320,2,20,0.1,0.0022112970201328,0.0
321,321,321,321,321,321,321,321,321,2,21,0.1,0.0021930293532568,0.0
322,322,322,322,322,322,322,322,322,2,22,0.1,0.0021959341032917,0.0
323,323,323,323,323,323,323,323,323,2,23,0.1,0.002189563055612,0.0
324,324,324,324,324,324,324,324,324,2,24,0.1,0.0021839446066866,0.0
325,325,325,325,325,325,325,325,325,2,25,0.1,0.0021778841546369,0.0
326,326,326,326,326,326,326,326,326,2,26,0.1,0.0021776796186816,0.0
327,327,327,327,327,327,327,327,327,2,27,0.1,0.0021639102327056,0.0
328,328,328,328,328,328,328,328,328,2,28,0.1,0.0021657393843928,0.0
329,329,329,329,329,329,329,329,329,2,29,0.1,0.0021259203236308,0.0
330,330,330,330,330,330,330,330,330,2,30,0.1,0.0021256408728373,0.0
331,331,331,331,331,331,331,331,331,2,31,0.1,0.0021272320023532,0.0
332,332,332,332,332,332,332,332,332,2,32,0.1,0.0021269483097896,0.0
333,333,333,333,333,333,333,333,333,2,33,0.1,0.002125129460815,0.0
334,334,334,334,334,334,334,334,334,2,34,0.1,0.0021189929706114,0.0
335,335,335,335,335,335,335,335,335,2,35,0.1,0.0020780138250079,0.0
336,336,336,336,336,336,336,336,336,2,36,0.1,0.0020295079934884,0.0
337,337,337,337,337,337,337,337,337,2,37,0.1,0.0019990864181497,0.0
338,338,338,338,338,338,338,338,338,2,38,0.1,0.0019990848820186,0.0
339,339,339,339,339,339,339,339,339,2,39,0.1,0.0019989860733553,0.0
340,340,340,340,340,340,340,340,340,2,40,0.1,0.0019987835897097,0.0
341,341,341,341,341,341,341,341,341,2,41,0.1,0.0019741158946413,0.0
342,342,342,342,342,342,342,342,342,2,42,0.1,0.0019740993002067,0.0
343,343,343,343,343,343,343,343,343,2,43,0.1,0.0019721049054753,0.0
344,344,344,344,344,344,344,344,344,2,44,0.1,0.001960047939761,0.0
345,345,345,345,345,345,345,345,345,2,45,0.1,0.0019534953188575,0.0
346,346,346,346,346,346,346,346,346,2,46,0.1,0.0019521082420587,0.0
347,347,347,347,347,347,347,347,347,2,47,0.1,0.0019542453209857,0.0
348,348,348,348,348,348,348,348,348,2,48,0.1,0.0019507526327112,0.0
349,349,349,349,349,349,349,349,349,2,49,0.1,0.0019505476127703,0.0
350,350,350,350,350,350,350,350,350,2,50,0.1,0.0019480674243207,0.0
351,351,351,351,351,351,351,351,351,2,51,0.1,0.0019476967359513,0.0
352,352,352,352,352,352,352,352,352,2,52,0.1,0.0019350892475005,0.0
353,353,353,353,353,353,353,353,353,2,53,0.1,0.0018984779428317,0.0
354,354,354,354,354,354,354,354,354,2,54,0.1,0.0018953859177405,0.0
355,355,355,355,355,355,355,355,355,2,55,0.1,0.0018926369806568,0.0
356,356,356,356,356,356,356,356,356,2,56,0.1,0.0018694724494459,0.0
357,357,357,357,357,357,357,357,357,2,57,0.1,0.0018673157810523,0.0
358,358,358,358,358,358,358,358,358,2,58,0.1,0.0018555478497644,0.0
359,359,359,359,359,359,359,359,359,2,59,0.1,0.0018515059090114,0.0
360,360,360,360,360,360,360,360,360,2,60,0.1,0.0018269080713348,0.0
361,361,361,361,361,361,361,361,361,2,61,0.1,0.001825431939409,0.0
362,362,362,362,362,362,362,362,362,2,62,0.1,0.001816291459655,0.0
363,363,363,363,363,363,363,363,363,2,63,0.1,0.0018162904421728,0.0
364,364,364,364,364,364,364,364,364,2,64,0.1,0.0018125390432222,0.0
365,365,365,365,365,365,365,365,365,2,65,0.1,0.0018115724201908,0.0
366,366,366,366,366,366,366,366,366,2,66,0.1,0.0017942634002595,0.0
367,367,367,367,367,367,367,367,367,2,67,0.1,0.001793470697525,0.0
368,368,368,368,368,368,368,368,368,2,68,0.1,0.0017932825369456,0.0
369,369,369,369,369,369,369,369,369,2,69,0.1,0.0017909778125811,0.0
370,370,370,370,370,370,370,370,370,2,70,0.1,0.0017908042640796,0.0
371,371,371,371,371,371,371,371,371,2,71,0.1,0.0017908040455501,0.0
372,372,372,372,372,372,372,372,372,2,72,0.1,0.0016618602574885,0.0
373,373,373,373,373,373,373,373,373,2,73,0.1,0.0016240959310866,0.0
374,374,374,374,374,374,374,374,374,2,74,0.1,0.0016127918422436,0.0
375,375,375,375,375,375,375,375,375,2,75,0.1,0.0016120252866318,0.0
376,376,376,376,376,376,376,376,376,2,76,0.1,0.0015881791474248,0.0
377,377,377,377,377,377,377,377,377,2,77,0.1,0.0015879609308368,0.0
378,378,378,378,378,378,378,378,378,2,78,0.1,0.0015879584487787,0.0
379,379,379,379,379,379,379,379,379,2,79,0.1,0.0015823981886321,0.0
380,380,380,380,380,380,380,380,380,2,80,0.1,0.001579018592734,0.0
381,381,381,381,381,381,381,381,381,2,81,0.1,0.0015780119421536,0.0
382,382,382,382,382,382,382,382,382,2,82,0.1,0.0015722671828162,0.0
383,383,383,383,383,383,383,383,383,2,83,0.1,0.0015710490008005,0.0
384,384,384,384,384,384,384,384,384,2,84,0.1,0.0015709393768149,0.0
385,385,385,385,385,385,385,385,385,2,85,0.1,0.0015709153532328,0.0
386,386,386,386,386,386,386,386,386,2,86,0.1,0.0015729780765875,0.0
387,387,387,387,387,387,387,387,387,2,87,0.1,0.001572655697179,0.0
388,388,388,388,388,388,388,388,388,2,88,0.1,0.0015350443972118,0.0
389,389,389,389,389,389,389,389,389,2,89,0.1,0.0015153232926638,0.0
390,390,390,390,390,390,390,390,390,2,90,0.1,0.0015045808776884,0.0
391,391,391,391,391,391,391,391,391,2,91,0.1,0.0014821202898728,0.0
392,392,392,392,392,392,392,392,392,2,92,0.1,0.001482120238253,0.0
393,393,393,393,393,393,393,393,393,2,93,0.1,0.0014826474276035,0.0
394,394,394,394,394,394,394,394,394,2,94,0.1,0.0014828842841848,0.0
395,395,395,395,395,395,395,395,395,2,95,0.1,0.0014827980902304,0.0
396,396,396,396,396,396,396,396,396,2,96,0.1,0.0014807400748438,0.0
397,397,397,397,397,397,397,397,397,2,97,0.1,0.0014774380452306,0.0
398,398,398,398,398,398,398,398,398,2,98,0.1,0.0014759886420894,0.0
399,399,399,399,399,399,399,399,399,2,99,0.1,0.00145875645338,0.0
400,400,400,400,400,400,400,400,400,2,0,0.001,0.1420452381698603,0.0
401,401,401,401,401,401,401,401,401,2,1,0.001,0.139309752762524,0.0
402,402,402,402,402,402,402,402,402,2,2,0.001,0.1387073473329879,0.0
403,403,403,403,403,403,403,403,403,2,3,0.001,0.1378296741493499,0.0
404,404,404,404,404,404,404,404,404,2,4,0.001,0.1377364979986887,0.0
405,405,405,405,405,405,405,405,405,2,5,0.001,0.1377200070261506,0.0
406,406,406,406,406,406,406,406,406,2,6,0.001,0.1376825710883163,0.0
407,407,407,407,407,407,407,407,407,2,7,0.001,0.137322802376483,0.0
408,408,408,408,408,408,408,408,408,2,8,0.001,0.1373084461543786,0.0
409,409,409,409,409,409,409,409,409,2,9,0.001,0.1373079524030362,0.0
410,410,410,410,410,410,410,410,410,2,10,0.001,0.1372915745843468,0.0
411,411,411,411,411,411,411,411,411,2,11,0.001,0.1368015694621971,0.0
412,412,412,412,412,412,412,412,412,2,12,0.001,0.1363624003171844,0.0
413,413,413,413,413,413,413,413,413,2,13,0.001,0.1362448033522043,0.0
414,414,414,414,414,414,414,414,414,2,14,0.001,0.1361679373200014,0.0
415,415,415,415,415,415,415,415,415,2,15,0.001,0.1361685570184419,0.0
416,416,416,416,416,416,416,416,416,2,16,0.001,0.1362856768913579,0.0
417,417,417,417,417,417,417,417,417,2,17,0.001,0.136278103376107,0.0
418,418,418,418,418,418,418,418,418,2,18,0.001,0.135871394874093,0.0
419,419,419,419,419,419,419,419,419,2,19,0.001,0.1357108434362658,0.0
420,420,420,420,420,420,420,420,420,2,20,0.001,0.1356822498015593,0.0
421,421,421,421,421,421,421,421,421,2,21,0.001,0.1356722440026564,0.0
422,422,422,422,422,422,422,422,422,2,22,0.001,0.1356567152395027,0.0
423,423,423,423,423,423,423,423,423,2,23,0.001,0.1356075190904431,0.0
424,424,424,424,424,424,424,424,424,2,24,0.001,0.134937391703795,0.0
425,425,425,425,425,425,425,425,425,2,25,0.001,0.1337362904688198,0.0
426,426,426,426,426,426,426,426,426,2,26,0.001,0.1330423237614164,0.0
427,427,427,427,427,427,427,427,427,2,27,0.001,0.1328578738018536,0.0
428,428,428,428,428,428,428,428,428,2,28,0.001,0.131883797088308,0.0
429,429,429,429,429,429,429,429,429,2,29,0.001,0.1318756413402897,0.0
430,430,430,430,430,430,430,430,430,2,30,0.001,0.13187559095964,0.0
431,431,431,431,431,431,431,431,431,2,31,0.001,0.1318333032139655,0.0
432,432,432,432,432,432,432,432,432,2,32,0.001,0.130730882276645,0.0
433,433,433,433,433,433,433,433,433,2,33,0.001,0.1305845944321182,0.0
434,434,434,434,434,434,434,434,434,2,34,0.001,0.1305580580678938,0.0
435,435,435,435,435,435,435,435,435,2,35,0.001,0.1303587610486287,0.0
436,436,436,436,436,436,436,436,436,2,36,0.001,0.1302835151190209,0.0
437,437,437,437,437,437,437,437,437,2,37,0.001,0.1302738124199715,0.0
438,438,438,438,438,438,438,438,438,2,38,0.001,0.1299491917115421,0.0
439,439,439,439,439,439,439,439,439,2,39,0.001,0.129716562335172,0.0
440,440,440,440,440,440,440,440,440,2,40,0.001,0.1287479050420162,0.0
441,441,441,441,441,441,441,441,441,2,41,0.001,0.1286802520444102,0.0
442,442,442,442,442,442,442,442,442,2,42,0.001,0.1285593096562966,0.0
443,443,443,443,443,443,443,443,443,2,43,0.001,0.1285325370688249,0.0
444,444,444,444,444,444,444,444,444,2,44,0.001,0.126935352621243,0.0
445,445,445,445,445,445,445,445,445,2,45,0.001,0.1269569327779198,0.0
446,446,446,446,446,446,446,446,446,2,46,0.001,0.1267414694733559,0.0
447,447,447,447,447,447,447,447,447,2,47,0.001,0.1267346457432204,0.0
448,448,448,448,448,448,448,448,448,2,48,0.001,0.1265786829522822,0.0
449,449,449,449,449,449,449,449,449,2,49,0.001,0.1265775592055744,0.0
450,450,450,450,450,450,450,450,450,2,50,0.001,0.1262115847585074,0.0
451,451,451,451,451,451,451,451,451,2,51,0.001,0.1262192574348817,0.0
452,452,452,452,452,452,452,452,452,2,52,0.001,0.1261919180101407,0.0
453,453,453,453,453,453,453,453,453,2,53,0.001,0.1259135101402653,0.0
454,454,454,454,454,454,454,454,454,2,54,0.001,0.1258393625201771,0.0
455,455,455,455,455,455,455,455,455,2,55,0.001,0.1240291507914102,0.0
456,456,456,456,456,456,456,456,456,2,56,0.001,0.1240331854709783,0.0
457,457,457,457,457,457,457,457,457,2,57,0.001,0.1238777677774221,0.0
458,458,458,458,458,458,458,458,458,2,58,0.001,0.1238228078537391,0.0
459,459,459,459,459,459,459,459,459,2,59,0.001,0.1206870111519001,0.0
460,460,460,460,460,460,460,460,460,2,60,0.001,0.1183705679251484,0.0
461,461,461,461,461,461,461,461,461,2,61,0.001,0.1182427057146417,0.0
462,462,462,462,462,462,462,462,462,2,62,0.001,0.1182396815369978,0.0
463,463,463,463,463,463,463,463,463,2,63,0.001,0.1182766652672912,0.0
464,464,464,464,464,464,464,464,464,2,64,0.001,0.1184560662257838,0.0
465,465,465,465,465,465,465,465,465,2,65,0.001,0.1175918378805965,0.0
466,466,466,466,466,466,466,466,466,2,66,0.001,0.117584616364104,0.0
467,467,467,467,467,467,467,467,467,2,67,0.001,0.1175798578467751,0.0
468,468,468,468,468,468,468,468,468,2,68,0.001,0.1170181740979695,0.0
469,469,469,469,469,469,469,469,469,2,69,0.001,0.1170398228766441,0.0
470,470,470,470,470,470,470,470,470,2,70,0.001,0.1170170082997366,0.0
471,471,471,471,471,471,471,471,471,2,71,0.001,0.1169558097371472,0.0
472,472,472,472,472,472,472,472,472,2,72,0.001,0.1166567282986019,0.0
473,473,473,473,473,473,473,473,473,2,73,0.001,0.1165995395882913,0.0
474,474,474,474,474,474,474,474,474,2,74,0.001,0.1163853257429277,0.0
475,475,475,475,475,475,475,475,475,2,75,0.001,0.1161198345965685,0.0
476,476,476,476,476,476,476,476,476,2,76,0.001,0.1161424182133275,0.0
477,477,477,477,477,477,477,477,477,2,77,0.001,0.1161376777123673,0.0
478,478,478,478,478,478,478,478,478,2,78,0.001,0.1159777788815016,0.0
479,479,479,479,479,479,479,479,479,2,79,0.001,0.1162133340955628,0.0
480,480,480,480,480,480,480,480,480,2,80,0.001,0.1161841181586949,0.0
481,481,481,481,481,481,481,481,481,2,81,0.001,0.1160984298608189,0.0
482,482,482,482,482,482,482,482,482,2,82,0.001,0.1160727040416493,0.0
483,483,483,483,483,483,483,483,483,2,83,0.001,0.1159356688613492,0.0
484,484,484,484,484,484,484,484,484,2,84,0.001,0.115911906843414,0.0
485,485,485,485,485,485,485,485,485,2,85,0.001,0.1159075295905736,0.0
486,486,486,486,486,486,486,486,486,2,86,0.001,0.1156959059623815,0.0
487,487,487,487,487,487,487,487,487,2,87,0.001,0.1154098488061825,0.0
488,488,488,488,488,488,488,488,488,2,88,0.001,0.1154098272353605,0.0
489,489,489,489,489,489,489,489,489,2,89,0.001,0.1148226267882572,0.0
490,490,490,490,490,490,490,490,490,2,90,0.001,0.1148214074065892,0.0
491,491,491,491,491,491,491,491,491,2,91,0.001,0.1129668961482233,0.0
492,492,492,492,492,492,492,492,492,2,92,0.001,0.1129585936699839,0.0
493,493,493,493,493,493,493,493,493,2,93,0.001,0.1128433073746607,0.0
494,494,494,494,494,494,494,494,494,2,94,0.001,0.1096635905731977,0.0
495,495,495,495,495,495,495,495,495,2,95,0.001,0.109663464904415,0.0
496,496,496,496,496,496,496,496,496,2,96,0.001,0.1085414530744113,0.0
497,497,497,497,497,497,497,497,497,2,97,0.001,0.1083143634208017,0.0
498,498,498,498,498,498,498,498,498,2,98,0.001,0.1077317774442804,0.0
499,499,499,499,499,499,499,499,499,2,99,0.001,0.1074567527944122,0.0
500,500,500,500,500,500,500,500,500,2,0,0.0001,0.1514999190426388,0.0
501,501,501,501,501,501,501,501,501,2,1,0.0001,0.1515598876106464,0.0
502,502,502,502,502,502,502,502,502,2,2,0.0001,0.1513553884075506,0.0
503,503,503,503,503,503,503,503,503,2,3,0.0001,0.1513090413244883,0.0
504,504,504,504,504,504,504,504,504,2,4,0.0001,0.1507642974133,0.0
505,505,505,505,505,505,505,505,505,2,5,0.0001,0.1503605318895412,0.0
506,506,506,506,506,506,506,506,506,2,6,0.0001,0.1502339003632295,0.0
507,507,507,507,507,507,507,507,507,2,7,0.0001,0.1501637103109855,0.0
508,508,508,508,508,508,508,508,508,2,8,0.0001,0.1500767194511078,0.0
509,509,509,509,509,509,509,509,509,2,9,0.0001,0.1500732640760283,0.0
510,510,510,510,510,510,510,510,510,2,10,0.0001,0.1492306526380665,0.0
511,511,511,511,511,511,511,511,511,2,11,0.0001,0.1475531867147195,0.0
512,512,512,512,512,512,512,512,512,2,12,0.0001,0.1475433121011412,0.0
513,513,513,513,513,513,513,513,513,2,13,0.0001,0.1470473861706517,0.0
514,514,514,514,514,514,514,514,514,2,14,0.0001,0.1470351820629274,0.0
515,515,515,515,515,515,515,515,515,2,15,0.0001,0.1462275178832111,0.0
516,516,516,516,516,516,516,516,516,2,16,0.0001,0.1460963971223176,0.0
517,517,517,517,517,517,517,517,517,2,17,0.0001,0.1460963593891235,0.0
518,518,518,518,518,518,518,518,518,2,18,0.0001,0.1455700456153572,0.0
519,519,519,519,519,519,519,519,519,2,19,0.0001,0.1456329797864501,0.0
520,520,520,520,520,520,520,520,520,2,20,0.0001,0.144929440794204,0.0
521,521,521,521,521,521,521,521,521,2,21,0.0001,0.1449349281514383,0.0
522,522,522,522,522,522,522,522,522,2,22,0.0001,0.1447767204311176,0.0
523,523,523,523,523,523,523,523,523,2,23,0.0001,0.1447777996795722,0.0
524,524,524,524,524,524,524,524,524,2,24,0.0001,0.1446776291771341,0.0
525,525,525,525,525,525,525,525,525,2,25,0.0001,0.1436880313606324,0.0
526,526,526,526,526,526,526,526,526,2,26,0.0001,0.1428860395257091,0.0
527,527,527,527,527,527,527,527,527,2,27,0.0001,0.1428854720515806,0.0
528,528,528,528,528,528,528,528,528,2,28,0.0001,0.1429338759585852,0.0
529,529,529,529,529,529,529,529,529,2,29,0.0001,0.1425670123076837,0.0
530,530,530,530,530,530,530,530,530,2,30,0.0001,0.1423730891530322,0.0
531,531,531,531,531,531,531,531,531,2,31,0.0001,0.1414486097642521,0.0
532,532,532,532,532,532,532,532,532,2,32,0.0001,0.1411329427378468,0.0
533,533,533,533,533,533,533,533,533,2,33,0.0001,0.1409469483582142,0.0
534,534,534,534,534,534,534,534,534,2,34,0.0001,0.1392153059932743,0.0
535,535,535,535,535,535,535,535,535,2,35,0.0001,0.139209581693299,0.0
536,536,536,536,536,536,536,536,536,2,36,0.0001,0.1390803102101357,0.0
537,537,537,537,537,537,537,537,537,2,37,0.0001,0.1390329750944584,0.0
538,538,538,538,538,538,538,538,538,2,38,0.0001,0.1389820262700747,0.0
539,539,539,539,539,539,539,539,539,2,39,0.0001,0.1390482205070514,0.0
540,540,540,540,540,540,540,540,540,2,40,0.0001,0.1381725133717922,0.0
541,541,541,541,541,541,541,541,541,2,41,0.0001,0.1381724680548586,0.0
542,542,542,542,542,542,542,542,542,2,42,0.0001,0.1376534471413433,0.0
543,543,543,543,543,543,543,543,543,2,43,0.0001,0.1376503941242882,0.0
544,544,544,544,544,544,544,544,544,2,44,0.0001,0.1375161376680704,0.0
545,545,545,545,545,545,545,545,545,2,45,0.0001,0.1373387822118477,0.0
546,546,546,546,546,546,546,546,546,2,46,0.0001,0.1372567073455736,0.0
547,547,547,547,547,547,547,547,547,2,47,0.0001,0.1369607482142018,0.0
548,548,548,548,548,548,548,548,548,2,48,0.0001,0.1358752708699708,0.0
549,549,549,549,549,549,549,549,549,2,49,0.0001,0.1359012993486044,0.0
550,550,550,550,550,550,550,550,550,2,50,0.0001,0.135381810626222,0.0
551,551,551,551,551,551,551,551,551,2,51,0.0001,0.1351232147207222,0.0
552,552,552,552,552,552,552,552,552,2,52,0.0001,0.1350539046441753,0.0
553,553,553,553,553,553,553,553,553,2,53,0.0001,0.1349729170869119,0.0
554,554,554,554,554,554,554,554,554,2,54,0.0001,0.1349728367622807,0.0
555,555,555,555,555,555,555,555,555,2,55,0.0001,0.1345418565601024,0.0
556,556,556,556,556,556,556,556,556,2,56,0.0001,0.133390670345391,0.0
557,557,557,557,557,557,557,557,557,2,57,0.0001,0.1316873418136361,0.0
558,558,558,558,558,558,558,558,558,2,58,0.0001,0.1315513670935257,0.0
559,559,559,559,559,559,559,559,559,2,59,0.0001,0.1312269921141954,0.0
560,560,560,560,560,560,560,560,560,2,60,0.0001,0.1311739284735596,0.0
561,561,561,561,561,561,561,561,561,2,61,0.0001,0.13098275403513,0.0
562,562,562,562,562,562,562,562,562,2,62,0.0001,0.1299340461000713,0.0
563,563,563,563,563,563,563,563,563,2,63,0.0001,0.1299129357150608,0.0
564,564,564,564,564,564,564,564,564,2,64,0.0001,0.1301960395678433,0.0
565,565,565,565,565,565,565,565,565,2,65,0.0001,0.1301917435028127,0.0
566,566,566,566,566,566,566,566,566,2,66,0.0001,0.1259636275784844,0.0
567,567,567,567,567,567,567,567,567,2,67,0.0001,0.125960578425546,0.0
568,568,568,568,568,568,568,568,568,2,68,0.0001,0.125440061713696,0.0
569,569,569,569,569,569,569,569,569,2,69,0.0001,0.1254284361749283,0.0
570,570,570,570,570,570,570,570,570,2,70,0.0001,0.125405672104059,0.0
571,571,571,571,571,571,571,571,571,2,71,0.0001,0.1249201433729564,0.0
572,572,572,572,572,572,572,572,572,2,72,0.0001,0.1244316906640851,0.0
573,573,573,573,573,573,573,573,573,2,73,0.0001,0.1239839591159581,0.0
574,574,574,574,574,574,574,574,574,2,74,0.0001,0.123574827539086,0.0
575,575,575,575,575,575,575,575,575,2,75,0.0001,0.1234421588358965,0.0
576,576,576,576,576,576,576,576,576,2,76,0.0001,0.123441607292498,0.0
577,577,577,577,577,577,577,577,577,2,77,0.0001,0.1227829901263861,0.0
578,578,578,578,578,578,578,578,578,2,78,0.0001,0.1202380320084508,0.0
579,579,579,579,579,579,579,579,579,2,79,0.0001,0.1202189307483798,0.0
580,580,580,580,580,580,580,580,580,2,80,0.0001,0.1202202322256057,0.0
581,581,581,581,581,581,581,581,581,2,81,0.0001,0.1202195412532942,0.0
582,582,582,582,582,582,582,582,582,2,82,0.0001,0.1202137304740781,0.0
583,583,583,583,583,583,583,583,583,2,83,0.0001,0.1202291903664516,0.0
584,584,584,584,584,584,584,584,584,2,84,0.0001,0.1202209640327829,0.0
585,585,585,585,585,585,585,585,585,2,85,0.0001,0.1202111955144875,0.0
586,586,586,586,586,586,586,586,586,2,86,0.0001,0.1202068711742186,0.0
587,587,587,587,587,587,587,587,587,2,87,0.0001,0.1202060895881917,0.0
588,588,588,588,588,588,588,588,588,2,88,0.0001,0.1202060890574242,0.0
589,589,589,589,589,589,589,589,589,2,89,0.0001,0.1201144160945843,0.0
590,590,590,590,590,590,590,590,590,2,90,0.0001,0.1199986544826863,0.0
591,591,591,591,591,591,591,591,591,2,91,0.0001,0.1199539455232089,0.0
592,592,592,592,592,592,592,592,592,2,92,0.0001,0.1199538081213921,0.0
593,593,593,593,593,593,593,593,593,2,93,0.0001,0.1199059057523787,0.0
594,594,594,594,594,594,594,594,594,2,94,0.0001,0.1198964780067609,0.0
595,595,595,595,595,595,595,595,595,2,95,0.0001,0.1190342385653294,0.0
596,596,596,596,596,596,596,596,596,2,96,0.0001,0.1190444554040129,0.0
597,597,597,597,597,597,597,597,597,2,97,0.0001,0.1190080572142575,0.0
598,598,598,598,598,598,598,598,598,2,98,0.0001,0.1190038727887793,0.0
599,599,599,599,599,599,599,599,599,2,99,0.0001,0.1176680734151852,0.0
600,600,600,600,600,600,600,600,600,4,0,0.1,0.0024758045458628,0.0
601,601,601,601,601,601,601,601,601,4,1,0.1,0.0024459723982669,0.0
602,602,602,602,602,602,602,602,602,4,2,0.1,0.0024304851291374,0.0
603,603,603,603,603,603,603,603,603,4,3,0.1,0.0024306856307026,0.0
604,604,604,604,604,604,604,604,604,4,4,0.1,0.0023907651781593,0.0
605,605,605,605,605,605,605,605,605,4,5,0.1,0.002369353723716,0.0
606,606,606,606,606,606,606,606,606,4,6,0.1,0.0023600880278745,0.0
607,607,607,607,607,607,607,607,607,4,7,0.1,0.0023500700416239,0.0
608,608,608,608,608,608,608,608,608,4,8,0.1,0.0023437501350022,0.0
609,609,609,609,609,609,609,609,609,4,9,0.1,0.0023412874496381,0.0
610,610,610,610,610,610,610,610,610,4,10,0.1,0.0022501639596833,0.0
611,611,611,611,611,611,611,611,611,4,11,0.1,0.0022440847813064,0.0
612,612,612,612,612,612,612,612,612,4,12,0.1,0.0022230882286138,0.0
613,613,613,613,613,613,613,613,613,4,13,0.1,0.0021693702651284,0.0
614,614,614,614,614,614,614,614,614,4,14,0.1,0.0021573966275122,0.0
615,615,615,615,615,615,615,615,615,4,15,0.1,0.0020678994765444,0.0
616,616,616,616,616,616,616,616,616,4,16,0.1,0.001952431770883,0.0
617,617,617,617,617,617,617,617,617,4,17,0.1,0.0019437797572455,0.0
618,618,618,618,618,618,618,618,618,4,18,0.1,0.0019187756932389,0.0
619,619,619,619,619,619,619,619,619,4,19,0.1,0.0018271760373102,0.0
620,620,620,620,620,620,620,620,620,4,20,0.1,0.0018140906754416,0.0
621,621,621,621,621,621,621,621,621,4,21,0.1,0.0018072416893193,0.0
622,622,622,622,622,622,622,622,622,4,22,0.1,0.0017918464434875,0.0
623,623,623,623,623,623,623,623,623,4,23,0.1,0.0017486788939151,0.0
624,624,624,624,624,624,624,624,624,4,24,0.1,0.0016408626473373,0.0
625,625,625,625,625,625,625,625,625,4,25,0.1,0.001634506303038,0.0
626,626,626,626,626,626,626,626,626,4,26,0.1,0.0015839706079833,0.0
627,627,627,627,627,627,627,627,627,4,27,0.1,0.001549045839815,0.0
628,628,628,628,628,628,628,628,628,4,28,0.1,0.0015366665089802,0.0
629,629,629,629,629,629,629,629,629,4,29,0.1,0.0014948688002679,0.0
630,630,630,630,630,630,630,630,630,4,30,0.1,0.0013894452552275,0.0
631,631,631,631,631,631,631,631,631,4,31,0.1,0.0013870730953398,0.0
632,632,632,632,632,632,632,632,632,4,32,0.1,0.0013970778478826,0.0
633,633,633,633,633,633,633,633,633,4,33,0.1,0.0013573208694054,0.0
634,634,634,634,634,634,634,634,634,4,34,0.1,0.0012906250932606,0.0
635,635,635,635,635,635,635,635,635,4,35,0.1,0.0012900985165464,0.0
636,636,636,636,636,636,636,636,636,4,36,0.1,0.0012668434506022,0.0
637,637,637,637,637,637,637,637,637,4,37,0.1,0.0012667942797598,0.0
638,638,638,638,638,638,638,638,638,4,38,0.1,0.0012594398834122,0.0
639,639,639,639,639,639,639,639,639,4,39,0.1,0.0012133511926185,0.0
640,640,640,640,640,640,640,640,640,4,40,0.1,0.0011899598364942,0.0
641,641,641,641,641,641,641,641,641,4,41,0.1,0.0011807547687768,0.0
642,642,642,642,642,642,642,642,642,4,42,0.1,0.0011418471879307,0.0
643,643,643,643,643,643,643,643,643,4,43,0.1,0.0011245480706849,0.0
644,644,644,644,644,644,644,644,644,4,44,0.1,0.0011242021443604,0.0
645,645,645,645,645,645,645,645,645,4,45,0.1,0.0011002546405964,0.0
646,646,646,646,646,646,646,646,646,4,46,0.1,0.0011001047163523,0.0
647,647,647,647,647,647,647,647,647,4,47,0.1,0.0010993319486005,0.0
648,648,648,648,648,648,648,648,648,4,48,0.1,0.0010948766041325,0.0
649,649,649,649,649,649,649,649,649,4,49,0.1,0.0010948390940987,0.0
650,650,650,650,650,650,650,650,650,4,50,0.1,0.0010838808699527,0.0
651,651,651,651,651,651,651,651,651,4,51,0.1,0.0010717601358426,0.0
652,652,652,652,652,652,652,652,652,4,52,0.1,0.0010390504411525,0.0
653,653,653,653,653,653,653,653,653,4,53,0.1,0.001039957372909,0.0
654,654,654,654,654,654,654,654,654,4,54,0.1,0.0010313162417341,0.0
655,655,655,655,655,655,655,655,655,4,55,0.1,0.000997333819161,0.0
656,656,656,656,656,656,656,656,656,4,56,0.1,0.0009845507441122,0.0
657,657,657,657,657,657,657,657,657,4,57,0.1,0.0009766508068007,0.0
658,658,658,658,658,658,658,658,658,4,58,0.1,0.0009739345018484,0.0
659,659,659,659,659,659,659,659,659,4,59,0.1,0.000972253723728,0.0
660,660,660,660,660,660,660,660,660,4,60,0.1,0.0009689283052778,0.0
661,661,661,661,661,661,661,661,661,4,61,0.1,0.0009664041994519,0.0
662,662,662,662,662,662,662,662,662,4,62,0.1,0.0009517796694234,0.0
663,663,663,663,663,663,663,663,663,4,63,0.1,0.0009518833555318,0.0
664,664,664,664,664,664,664,664,664,4,64,0.1,0.0009482506431358,0.0
665,665,665,665,665,665,665,665,665,4,65,0.1,0.0009377501998522,0.0
666,666,666,666,666,666,666,666,666,4,66,0.1,0.0009217494279858,0.0
667,667,667,667,667,667,667,667,667,4,67,0.1,0.0009200858950032,0.0
668,668,668,668,668,668,668,668,668,4,68,0.1,0.0008863271043918,0.0
669,669,669,669,669,669,669,669,669,4,69,0.1,0.0008567806524057,0.0
670,670,670,670,670,670,670,670,670,4,70,0.1,0.000856393440038,0.0
671,671,671,671,671,671,671,671,671,4,71,0.1,0.0008563307430605,0.0
672,672,672,672,672,672,672,672,672,4,72,0.1,0.0007993146798286,0.0
673,673,673,673,673,673,673,673,673,4,73,0.1,0.0007497962845825,0.0
674,674,674,674,674,674,674,674,674,4,74,0.1,0.000749524370022,0.0
675,675,675,675,675,675,675,675,675,4,75,0.1,0.0007248068643657,0.0
676,676,676,676,676,676,676,676,676,4,76,0.1,0.0007219097331078,0.0
677,677,677,677,677,677,677,677,677,4,77,0.1,0.0007211072716774,0.0
678,678,678,678,678,678,678,678,678,4,78,0.1,0.0007314559502353,0.0
679,679,679,679,679,679,679,679,679,4,79,0.1,0.0007222889623358,0.0
680,680,680,680,680,680,680,680,680,4,80,0.1,0.0007090624196293,0.0
681,681,681,681,681,681,681,681,681,4,81,0.1,0.0007075122636784,0.0
682,682,682,682,682,682,682,682,682,4,82,0.1,0.0007071131687557,0.0
683,683,683,683,683,683,683,683,683,4,83,0.1,0.0007044156515365,0.0
684,684,684,684,684,684,684,684,684,4,84,0.1,0.000703641412503,0.0
685,685,685,685,685,685,685,685,685,4,85,0.1,0.000698998237824,0.0
686,686,686,686,686,686,686,686,686,4,86,0.1,0.0006989527484563,0.0
687,687,687,687,687,687,687,687,687,4,87,0.1,0.0006989121838149,0.0
688,688,688,688,688,688,688,688,688,4,88,0.1,0.000698876680896,0.0
689,689,689,689,689,689,689,689,689,4,89,0.1,0.0005997791601278,0.0
690,690,690,690,690,690,690,690,690,4,90,0.1,0.0005997625052191,0.0
691,691,691,691,691,691,691,691,691,4,91,0.1,0.0005991900373626,0.0
692,692,692,692,692,692,692,692,692,4,92,0.1,0.0005991896007114,0.0
693,693,693,693,693,693,693,693,693,4,93,0.1,0.0005991835844265,0.0
694,694,694,694,694,694,694,694,694,4,94,0.1,0.0005853217529679,0.0
695,695,695,695,695,695,695,695,695,4,95,0.1,0.0005834699912162,0.0
696,696,696,696,696,696,696,696,696,4,96,0.1,0.0005819402203414,0.0
697,697,697,697,697,697,697,697,697,4,97,0.1,0.0005789627073357,0.0
698,698,698,698,698,698,698,698,698,4,98,0.1,0.0005781947223228,0.0
699,699,699,699,699,699,699,699,699,4,99,0.1,0.0005779701504323,0.0
700,700,700,700,700,700,700,700,700,4,0,0.001,0.1420452381698603,0.0
701,701,701,701,701,701,701,701,701,4,1,0.001,0.1413155076682245,0.0
702,702,702,702,702,702,702,702,702,4,2,0.001,0.1403576328181471,0.0
703,703,703,703,703,703,703,703,703,4,3,0.001,0.1399427086042665,0.0
704,704,704,704,704,704,704,704,704,4,4,0.001,0.1383084604161074,0.0
705,705,705,705,705,705,705,705,705,4,5,0.001,0.1366472720618552,0.0
706,706,706,706,706,706,706,706,706,4,6,0.001,0.133399849885248,0.0
707,707,707,707,707,707,707,707,707,4,7,0.001,0.1333799984247494,0.0
708,708,708,708,708,708,708,708,708,4,8,0.001,0.1280093857211342,0.0
709,709,709,709,709,709,709,709,709,4,9,0.001,0.1254826882789253,0.0
710,710,710,710,710,710,710,710,710,4,10,0.001,0.1245829095920837,0.0
711,711,711,711,711,711,711,711,711,4,11,0.001,0.123776403202748,0.0
712,712,712,712,712,712,712,712,712,4,12,0.001,0.1204458565056036,0.0
713,713,713,713,713,713,713,713,713,4,13,0.001,0.1203077002652624,0.0
714,714,714,714,714,714,714,714,714,4,14,0.001,0.1179330524368391,0.0
715,715,715,715,715,715,715,715,715,4,15,0.001,0.1172938051186484,0.0
716,716,716,716,716,716,716,716,716,4,16,0.001,0.1167670338791159,0.0
717,717,717,717,717,717,717,717,717,4,17,0.001,0.1147137673588071,0.0
718,718,718,718,718,718,718,718,718,4,18,0.001,0.11246107613547,0.0
719,719,719,719,719,719,719,719,719,4,19,0.001,0.112198712772527,0.0
720,720,720,720,720,720,720,720,720,4,20,0.001,0.1116805403645444,0.0
721,721,721,721,721,721,721,721,721,4,21,0.001,0.1115013626968373,0.0
722,722,722,722,722,722,722,722,722,4,22,0.001,0.1108463328901951,0.0
723,723,723,723,723,723,723,723,723,4,23,0.001,0.1107721482554729,0.0
724,724,724,724,724,724,724,724,724,4,24,0.001,0.1106944429598812,0.0
725,725,725,725,725,725,725,725,725,4,25,0.001,0.1099479442996723,0.0
726,726,726,726,726,726,726,726,726,4,26,0.001,0.109941534740532,0.0
727,727,727,727,727,727,727,727,727,4,27,0.001,0.1093336323222471,0.0
728,728,728,728,728,728,728,728,728,4,28,0.001,0.1089542941274861,0.0
729,729,729,729,729,729,729,729,729,4,29,0.001,0.1086803118832928,0.0
730,730,730,730,730,730,730,730,730,4,30,0.001,0.108493199878346,0.0
731,731,731,731,731,731,731,731,731,4,31,0.001,0.1072592149716798,0.0
732,732,732,732,732,732,732,732,732,4,32,0.001,0.1060516757634966,0.0
733,733,733,733,733,733,733,733,733,4,33,0.001,0.1060307154519596,0.0
734,734,734,734,734,734,734,734,734,4,34,0.001,0.1042879536160898,0.0
735,735,735,735,735,735,735,735,735,4,35,0.001,0.1042623387777037,0.0
736,736,736,736,736,736,736,736,736,4,36,0.001,0.1041973865235105,0.0
737,737,737,737,737,737,737,737,737,4,37,0.001,0.104154078374732,0.0
738,738,738,738,738,738,738,738,738,4,38,0.001,0.1030675765006708,0.0
739,739,739,739,739,739,739,739,739,4,39,0.001,0.1030281701267162,0.0
740,740,740,740,740,740,740,740,740,4,40,0.001,0.1010964645012565,0.0
741,741,741,741,741,741,741,741,741,4,41,0.001,0.100936255499701,0.0
742,742,742,742,742,742,742,742,742,4,42,0.001,0.1000426583422796,0.0
743,743,743,743,743,743,743,743,743,4,43,0.001,0.1000030127042702,0.0
744,744,744,744,744,744,744,744,744,4,44,0.001,0.0998653221369343,0.0
745,745,745,745,745,745,745,745,745,4,45,0.001,0.0981633705071589,0.0
746,746,746,746,746,746,746,746,746,4,46,0.001,0.0980421303236151,0.0
747,747,747,747,747,747,747,747,747,4,47,0.001,0.0971640609443183,0.0
748,748,748,748,748,748,748,748,748,4,48,0.001,0.0964314545735925,0.0
749,749,749,749,749,749,749,749,749,4,49,0.001,0.0964301493876658,0.0
750,750,750,750,750,750,750,750,750,4,50,0.001,0.0948732303280286,0.0
751,751,751,751,751,751,751,751,751,4,51,0.001,0.0942672397301067,0.0
752,752,752,752,752,752,752,752,752,4,52,0.001,0.0938906130336433,0.0
753,753,753,753,753,753,753,753,753,4,53,0.001,0.0937552302261465,0.0
754,754,754,754,754,754,754,754,754,4,54,0.001,0.0936675847625361,0.0
755,755,755,755,755,755,755,755,755,4,55,0.001,0.0930181728229824,0.0
756,756,756,756,756,756,756,756,756,4,56,0.001,0.0916302290682546,0.0
757,757,757,757,757,757,757,757,757,4,57,0.001,0.0913073921743136,0.0
758,758,758,758,758,758,758,758,758,4,58,0.001,0.0913010330462542,0.0
759,759,759,759,759,759,759,759,759,4,59,0.001,0.0912620726123227,0.0
760,760,760,760,760,760,760,760,760,4,60,0.001,0.0911754523680874,0.0
761,761,761,761,761,761,761,761,761,4,61,0.001,0.0911895334204368,0.0
762,762,762,762,762,762,762,762,762,4,62,0.001,0.0905747867945973,0.0
763,763,763,763,763,763,763,763,763,4,63,0.001,0.0899175559045893,0.0
764,764,764,764,764,764,764,764,764,4,64,0.001,0.089596433772961,0.0
765,765,765,765,765,765,765,765,765,4,65,0.001,0.0883691527851543,0.0
766,766,766,766,766,766,766,766,766,4,66,0.001,0.0869290228671538,0.0
767,767,767,767,767,767,767,767,767,4,67,0.001,0.0867487908168752,0.0
768,768,768,768,768,768,768,768,768,4,68,0.001,0.08668628836327,0.0
769,769,769,769,769,769,769,769,769,4,69,0.001,0.0866830204249222,0.0
770,770,770,770,770,770,770,770,770,4,70,0.001,0.0865783825959864,0.0
771,771,771,771,771,771,771,771,771,4,71,0.001,0.0863867538518461,0.0
772,772,772,772,772,772,772,772,772,4,72,0.001,0.0862004211980701,0.0
773,773,773,773,773,773,773,773,773,4,73,0.001,0.0861379558389794,0.0
774,774,774,774,774,774,774,774,774,4,74,0.001,0.0860330441537759,0.0
775,775,775,775,775,775,775,775,775,4,75,0.001,0.0860040137130279,0.0
776,776,776,776,776,776,776,776,776,4,76,0.001,0.081036316788754,0.0
777,777,777,777,777,777,777,777,777,4,77,0.001,0.0807944199287128,0.0
778,778,778,778,778,778,778,778,778,4,78,0.001,0.0807976000229155,0.0
779,779,779,779,779,779,779,779,779,4,79,0.001,0.0803995036486561,0.0
780,780,780,780,780,780,780,780,780,4,80,0.001,0.077515898781366,0.0
781,781,781,781,781,781,781,781,781,4,81,0.001,0.0774649761522806,0.0
782,782,782,782,782,782,782,782,782,4,82,0.001,0.077354010642135,0.0
783,783,783,783,783,783,783,783,783,4,83,0.001,0.0765766677574025,0.0
784,784,784,784,784,784,784,784,784,4,84,0.001,0.0738292448678802,0.0
785,785,785,785,785,785,785,785,785,4,85,0.001,0.0724056670440355,0.0
786,786,786,786,786,786,786,786,786,4,86,0.001,0.0711156420637381,0.0
787,787,787,787,787,787,787,787,787,4,87,0.001,0.0708844566209473,0.0
788,788,788,788,788,788,788,788,788,4,88,0.001,0.0699814286632201,0.0
789,789,789,789,789,789,789,789,789,4,89,0.001,0.0691663668140731,0.0
790,790,790,790,790,790,790,790,790,4,90,0.001,0.069161820177887,0.0
791,791,791,791,791,791,791,791,791,4,91,0.001,0.0685860408894832,0.0
792,792,792,792,792,792,792,792,792,4,92,0.001,0.068552860074525,0.0
793,793,793,793,793,793,793,793,793,4,93,0.001,0.0684199670491498,0.0
794,794,794,794,794,794,794,794,794,4,94,0.001,0.0674248663302791,0.0
795,795,795,795,795,795,795,795,795,4,95,0.001,0.066807835574277,0.0
796,796,796,796,796,796,796,796,796,4,96,0.001,0.0668322272775177,0.0
797,797,797,797,797,797,797,797,797,4,97,0.001,0.064863142891011,0.0
798,798,798,798,798,798,798,798,798,4,98,0.001,0.0648820405038512,0.0
799,799,799,799,799,799,799,799,799,4,99,0.001,0.0648800935409329,0.0
800,800,800,800,800,800,800,800,800,4,0,0.0001,0.1514999190426388,0.0
801,801,801,801,801,801,801,801,801,4,1,0.0001,0.1510205985908768,0.0
802,802,802,802,802,802,802,802,802,4,2,0.0001,0.1509650151858889,0.0
803,803,803,803,803,803,803,803,803,4,3,0.0001,0.1473106088774742,0.0
804,804,804,804,804,804,804,804,804,4,4,0.0001,0.1470940871184704,0.0
805,805,805,805,805,805,805,805,805,4,5,0.0001,0.1467382552001765,0.0
806,806,806,806,806,806,806,806,806,4,6,0.0001,0.1459064632823218,0.0
807,807,807,807,807,807,807,807,807,4,7,0.0001,0.1440927470522846,0.0
808,808,808,808,808,808,808,808,808,4,8,0.0001,0.1431468858166658,0.0
809,809,809,809,809,809,809,809,809,4,9,0.0001,0.1417787610778613,0.0
810,810,810,810,810,810,810,810,810,4,10,0.0001,0.1414532555817844,0.0
811,811,811,811,811,811,811,811,811,4,11,0.0001,0.1410609277454456,0.0
812,812,812,812,812,812,812,812,812,4,12,0.0001,0.1409456677427184,0.0
813,813,813,813,813,813,813,813,813,4,13,0.0001,0.138089858514624,0.0
814,814,814,814,814,814,814,814,814,4,14,0.0001,0.1370076753233557,0.0
815,815,815,815,815,815,815,815,815,4,15,0.0001,0.1370006652810077,0.0
816,816,816,816,816,816,816,816,816,4,16,0.0001,0.1365682232263912,0.0
817,817,817,817,817,817,817,817,817,4,17,0.0001,0.136562410448233,0.0
818,818,818,818,818,818,818,818,818,4,18,0.0001,0.1363982022192287,0.0
819,819,819,819,819,819,819,819,819,4,19,0.0001,0.1358642501600471,0.0
820,820,820,820,820,820,820,820,820,4,20,0.0001,0.1358514997528876,0.0
821,821,821,821,821,821,821,821,821,4,21,0.0001,0.13390242705675,0.0
822,822,822,822,822,822,822,822,822,4,22,0.0001,0.1323519903843157,0.0
823,823,823,823,823,823,823,823,823,4,23,0.0001,0.132222690628031,0.0
824,824,824,824,824,824,824,824,824,4,24,0.0001,0.1319017526386387,0.0
825,825,825,825,825,825,825,825,825,4,25,0.0001,0.1316337886712194,0.0
826,826,826,826,826,826,826,826,826,4,26,0.0001,0.1312739212493267,0.0
827,827,827,827,827,827,827,827,827,4,27,0.0001,0.1305628798360137,0.0
828,828,828,828,828,828,828,828,828,4,28,0.0001,0.1290778915227874,0.0
829,829,829,829,829,829,829,829,829,4,29,0.0001,0.1286435186282546,0.0
830,830,830,830,830,830,830,830,830,4,30,0.0001,0.1283654567074255,0.0
831,831,831,831,831,831,831,831,831,4,31,0.0001,0.1260467896249716,0.0
832,832,832,832,832,832,832,832,832,4,32,0.0001,0.1234664000778138,0.0
833,833,833,833,833,833,833,833,833,4,33,0.0001,0.1232017600360792,0.0
834,834,834,834,834,834,834,834,834,4,34,0.0001,0.1229290672587879,0.0
835,835,835,835,835,835,835,835,835,4,35,0.0001,0.1196177115899572,0.0
836,836,836,836,836,836,836,836,836,4,36,0.0001,0.1193394225935742,0.0
837,837,837,837,837,837,837,837,837,4,37,0.0001,0.1183910569749341,0.0
838,838,838,838,838,838,838,838,838,4,38,0.0001,0.1148559390325089,0.0
839,839,839,839,839,839,839,839,839,4,39,0.0001,0.1137680237143107,0.0
840,840,840,840,840,840,840,840,840,4,40,0.0001,0.1136768304351885,0.0
841,841,841,841,841,841,841,841,841,4,41,0.0001,0.1122432662053786,0.0
842,842,842,842,842,842,842,842,842,4,42,0.0001,0.1110174802198959,0.0
843,843,843,843,843,843,843,843,843,4,43,0.0001,0.1106845105922377,0.0
844,844,844,844,844,844,844,844,844,4,44,0.0001,0.1103581529374034,0.0
845,845,845,845,845,845,845,845,845,4,45,0.0001,0.1102793071337545,0.0
846,846,846,846,846,846,846,846,846,4,46,0.0001,0.1089258231418632,0.0
847,847,847,847,847,847,847,847,847,4,47,0.0001,0.1087194792895367,0.0
848,848,848,848,848,848,848,848,848,4,48,0.0001,0.1080804990934087,0.0
849,849,849,849,849,849,849,849,849,4,49,0.0001,0.1078969449218041,0.0
850,850,850,850,850,850,850,850,850,4,50,0.0001,0.106424887847449,0.0
851,851,851,851,851,851,851,851,851,4,51,0.0001,0.1049773751037178,0.0
852,852,852,852,852,852,852,852,852,4,52,0.0001,0.1036946240295491,0.0
853,853,853,853,853,853,853,853,853,4,53,0.0001,0.1036920262830761,0.0
854,854,854,854,854,854,854,854,854,4,54,0.0001,0.1025086708995014,0.0
855,855,855,855,855,855,855,855,855,4,55,0.0001,0.0999802149328929,0.0
856,856,856,856,856,856,856,856,856,4,56,0.0001,0.0990448927027254,0.0
857,857,857,857,857,857,857,857,857,4,57,0.0001,0.0987191207643016,0.0
858,858,858,858,858,858,858,858,858,4,58,0.0001,0.097925813811433,0.0
859,859,859,859,859,859,859,859,859,4,59,0.0001,0.097768850147953,0.0
860,860,860,860,860,860,860,860,860,4,60,0.0001,0.0973583056033619,0.0
861,861,861,861,861,861,861,861,861,4,61,0.0001,0.0973328476412152,0.0
862,862,862,862,862,862,862,862,862,4,62,0.0001,0.0950998109432973,0.0
863,863,863,863,863,863,863,863,863,4,63,0.0001,0.0946328105388367,0.0
864,864,864,864,864,864,864,864,864,4,64,0.0001,0.0944926215789742,0.0
865,865,865,865,865,865,865,865,865,4,65,0.0001,0.093657679996452,0.0
866,866,866,866,866,866,866,866,866,4,66,0.0001,0.0936609983061931,0.0
867,867,867,867,867,867,867,867,867,4,67,0.0001,0.0934529724507729,0.0
868,868,868,868,868,868,868,868,868,4,68,0.0001,0.0919369655944385,0.0
869,869,869,869,869,869,869,869,869,4,69,0.0001,0.0915116368169655,0.0
870,870,870,870,870,870,870,870,870,4,70,0.0001,0.0915100996441919,0.0
871,871,871,871,871,871,871,871,871,4,71,0.0001,0.0915066565440111,0.0
872,872,872,872,872,872,872,872,872,4,72,0.0001,0.0913841515701692,0.0
873,873,873,873,873,873,873,873,873,4,73,0.0001,0.0886480475657307,0.0
874,874,874,874,874,874,874,874,874,4,74,0.0001,0.0857519970151138,0.0
875,875,875,875,875,875,875,875,875,4,75,0.0001,0.0850650279387288,0.0
876,876,876,876,876,876,876,876,876,4,76,0.0001,0.0850645992736983,0.0
877,877,877,877,877,877,877,877,877,4,77,0.0001,0.0831522548808513,0.0
878,878,878,878,878,878,878,878,878,4,78,0.0001,0.0820632803708358,0.0
879,879,879,879,879,879,879,879,879,4,79,0.0001,0.081326111144412,0.0
880,880,880,880,880,880,880,880,880,4,80,0.0001,0.0807506313693181,0.0
881,881,881,881,881,881,881,881,881,4,81,0.0001,0.0807243617681466,0.0
882,882,882,882,882,882,882,882,882,4,82,0.0001,0.0804388219503755,0.0
883,883,883,883,883,883,883,883,883,4,83,0.0001,0.0804236247865163,0.0
884,884,884,884,884,884,884,884,884,4,84,0.0001,0.0803272661939353,0.0
885,885,885,885,885,885,885,885,885,4,85,0.0001,0.077337913929977,0.0
886,886,886,886,886,886,886,886,886,4,86,0.0001,0.0771941917374552,0.0
887,887,887,887,887,887,887,887,887,4,87,0.0001,0.0765618410390531,0.0
888,888,888,888,888,888,888,888,888,4,88,0.0001,0.0765606197805884,0.0
889,889,889,889,889,889,889,889,889,4,89,0.0001,0.0754558305046983,0.0
890,890,890,890,890,890,890,890,890,4,90,0.0001,0.0753634642698501,0.0
891,891,891,891,891,891,891,891,891,4,91,0.0001,0.0753135806031166,0.0
892,892,892,892,892,892,892,892,892,4,92,0.0001,0.0745185483966873,0.0
893,893,893,893,893,893,893,893,893,4,93,0.0001,0.0743334690864904,0.0
894,894,894,894,894,894,894,894,894,4,94,0.0001,0.0743325797835796,0.0
895,895,895,895,895,895,895,895,895,4,95,0.0001,0.0732374845872917,0.0
896,896,896,896,896,896,896,896,896,4,96,0.0001,0.0730732738654343,0.0
897,897,897,897,897,897,897,897,897,4,97,0.0001,0.072675651366509,0.0
898,898,898,898,898,898,898,898,898,4,98,0.0001,0.0723633909301429,0.0
899,899,899,899,899,899,899,899,899,4,99,0.0001,0.0723592873101811,0.0
900,900,900,900,900,900,900,900,900,8,0,0.1,0.0024758045458628,0.0
901,901,901,901,901,901,901,901,901,8,1,0.1,0.0023192119139893,0.0
902,902,902,902,902,902,902,902,902,8,2,0.1,0.002250223980642,0.0
903,903,903,903,903,903,903,903,903,8,3,0.1,0.002240441184378,0.0
904,904,904,904,904,904,904,904,904,8,4,0.1,0.0021594920621336,0.0
905,905,905,905,905,905,905,905,905,8,5,0.1,0.0021381694457387,0.0
906,906,906,906,906,906,906,906,906,8,6,0.1,0.0021077461447543,0.0
907,907,907,907,907,907,907,907,907,8,7,0.1,0.0020789278710453,0.0
908,908,908,908,908,908,908,908,908,8,8,0.1,0.0020124815813595,0.0
909,909,909,909,909,909,909,909,909,8,9,0.1,0.0018853702844835,0.0
910,910,910,910,910,910,910,910,910,8,10,0.1,0.0018621862897657,0.0
911,911,911,911,911,911,911,911,911,8,11,0.1,0.0017598926805529,0.0
912,912,912,912,912,912,912,912,912,8,12,0.1,0.0017328705862102,0.0
913,913,913,913,913,913,913,913,913,8,13,0.1,0.0016647647035087,0.0
914,914,914,914,914,914,914,914,914,8,14,0.1,0.0016442558395776,0.0
915,915,915,915,915,915,915,915,915,8,15,0.1,0.0016321856120495,0.0
916,916,916,916,916,916,916,916,916,8,16,0.1,0.0015859202981579,0.0
917,917,917,917,917,917,917,917,917,8,17,0.1,0.0015329607985718,0.0
918,918,918,918,918,918,918,918,918,8,18,0.1,0.0014554443923507,0.0
919,919,919,919,919,919,919,919,919,8,19,0.1,0.0013672934562695,0.0
920,920,920,920,920,920,920,920,920,8,20,0.1,0.0013102743668122,0.0
921,921,921,921,921,921,921,921,921,8,21,0.1,0.0013041151154665,0.0
922,922,922,922,922,922,922,922,922,8,22,0.1,0.0012775568845182,0.0
923,923,923,923,923,923,923,923,923,8,23,0.1,0.0012680352389503,0.0
924,924,924,924,924,924,924,924,924,8,24,0.1,0.0012460456538303,0.0
925,925,925,925,925,925,925,925,925,8,25,0.1,0.0012030803118259,0.0
926,926,926,926,926,926,926,926,926,8,26,0.1,0.0011860140698347,0.0
927,927,927,927,927,927,927,927,927,8,27,0.1,0.0011435199404254,0.0
928,928,928,928,928,928,928,928,928,8,28,0.1,0.0011387201421046,0.0
929,929,929,929,929,929,929,929,929,8,29,0.1,0.0011178360170417,0.0
930,930,930,930,930,930,930,930,930,8,30,0.1,0.0010532878581984,0.0
931,931,931,931,931,931,931,931,931,8,31,0.1,0.0010526471524255,0.0
932,932,932,932,932,932,932,932,932,8,32,0.1,0.0010384665699117,0.0
933,933,933,933,933,933,933,933,933,8,33,0.1,0.0010064549819491,0.0
934,934,934,934,934,934,934,934,934,8,34,0.1,0.0010055212813536,0.0
935,935,935,935,935,935,935,935,935,8,35,0.1,0.0009516131071192,0.0
936,936,936,936,936,936,936,936,936,8,36,0.1,0.0009270618023406,0.0
937,937,937,937,937,937,937,937,937,8,37,0.1,0.0008991523131233,0.0
938,938,938,938,938,938,938,938,938,8,38,0.1,0.0008926850154265,0.0
939,939,939,939,939,939,939,939,939,8,39,0.1,0.0008657336878669,0.0
940,940,940,940,940,940,940,940,940,8,40,0.1,0.0008216856723153,0.0
941,941,941,941,941,941,941,941,941,8,41,0.1,0.0008043232855787,0.0
942,942,942,942,942,942,942,942,942,8,42,0.1,0.0007648791690083,0.0
943,943,943,943,943,943,943,943,943,8,43,0.1,0.0007347299284514,0.0
944,944,944,944,944,944,944,944,944,8,44,0.1,0.0007324755880147,0.0
945,945,945,945,945,945,945,945,945,8,45,0.1,0.0006537013742786,0.0
946,946,946,946,946,946,946,946,946,8,46,0.1,0.000659296219842,0.0
947,947,947,947,947,947,947,947,947,8,47,0.1,0.000657604815552,0.0
948,948,948,948,948,948,948,948,948,8,48,0.1,0.0006568168936018,0.0
949,949,949,949,949,949,949,949,949,8,49,0.1,0.0006542490544288,0.0
950,950,950,950,950,950,950,950,950,8,50,0.1,0.0006529308635722,0.0
951,951,951,951,951,951,951,951,951,8,51,0.1,0.0006528942725843,0.0
952,952,952,952,952,952,952,952,952,8,52,0.1,0.0006518777440295,0.0
953,953,953,953,953,953,953,953,953,8,53,0.1,0.0006142976417151,0.0
954,954,954,954,954,954,954,954,954,8,54,0.1,0.0006126577832837,0.0
955,955,955,955,955,955,955,955,955,8,55,0.1,0.0006136003016534,0.0
956,956,956,956,956,956,956,956,956,8,56,0.1,0.0005507328880174,0.0
957,957,957,957,957,957,957,957,957,8,57,0.1,0.0005461114494969,0.0
958,958,958,958,958,958,958,958,958,8,58,0.1,0.0005137532370863,0.0
959,959,959,959,959,959,959,959,959,8,59,0.1,0.000511459045377,0.0
960,960,960,960,960,960,960,960,960,8,60,0.1,0.0005006193196283,0.0
961,961,961,961,961,961,961,961,961,8,61,0.1,0.0004945121311351,0.0
962,962,962,962,962,962,962,962,962,8,62,0.1,0.0004596163165302,0.0
963,963,963,963,963,963,963,963,963,8,63,0.1,0.0004505774935336,0.0
964,964,964,964,964,964,964,964,964,8,64,0.1,0.0004502255064028,0.0
965,965,965,965,965,965,965,965,965,8,65,0.1,0.0004500556583081,0.0
966,966,966,966,966,966,966,966,966,8,66,0.1,0.0004500361197866,0.0
967,967,967,967,967,967,967,967,967,8,67,0.1,0.0004473206684507,0.0
968,968,968,968,968,968,968,968,968,8,68,0.1,0.0004413275833209,0.0
969,969,969,969,969,969,969,969,969,8,69,0.1,0.000435363348362,0.0
970,970,970,970,970,970,970,970,970,8,70,0.1,0.0004309577703906,0.0
971,971,971,971,971,971,971,971,971,8,71,0.1,0.0004296590521399,0.0
972,972,972,972,972,972,972,972,972,8,72,0.1,0.0004170903379082,0.0
973,973,973,973,973,973,973,973,973,8,73,0.1,0.0004142836657755,0.0
974,974,974,974,974,974,974,974,974,8,74,0.1,0.0004136904308933,0.0
975,975,975,975,975,975,975,975,975,8,75,0.1,0.0004017155522728,0.0
976,976,976,976,976,976,976,976,976,8,76,0.1,0.00039713716417,0.0
977,977,977,977,977,977,977,977,977,8,77,0.1,0.0003745106153122,0.0
978,978,978,978,978,978,978,978,978,8,78,0.1,0.0003400019701742,0.0
979,979,979,979,979,979,979,979,979,8,79,0.1,0.0003399809490949,0.0
980,980,980,980,980,980,980,980,980,8,80,0.1,0.0003399221995699,0.0
981,981,981,981,981,981,981,981,981,8,81,0.1,0.0003347205985361,0.0
982,982,982,982,982,982,982,982,982,8,82,0.1,0.0003339890295389,0.0
983,983,983,983,983,983,983,983,983,8,83,0.1,0.0003002592718876,0.0
984,984,984,984,984,984,984,984,984,8,84,0.1,0.0002972713977766,0.0
985,985,985,985,985,985,985,985,985,8,85,0.1,0.0002921655700318,0.0
986,986,986,986,986,986,986,986,986,8,86,0.1,0.0002921280514058,0.0
987,987,987,987,987,987,987,987,987,8,87,0.1,0.0002806454146898,0.0
988,988,988,988,988,988,988,988,988,8,88,0.1,0.0002800111581229,0.0
989,989,989,989,989,989,989,989,989,8,89,0.1,0.0002953858168994,0.0
990,990,990,990,990,990,990,990,990,8,90,0.1,0.0002953818661142,0.0
991,991,991,991,991,991,991,991,991,8,91,0.1,0.0002915409692325,0.0
992,992,992,992,992,992,992,992,992,8,92,0.1,0.0002915002127186,0.0
993,993,993,993,993,993,993,993,993,8,93,0.1,0.0002891249855944,0.0
994,994,994,994,994,994,994,994,994,8,94,0.1,0.0002791759106145,0.0
995,995,995,995,995,995,995,995,995,8,95,0.1,0.0002469920491199,0.0
996,996,996,996,996,996,996,996,996,8,96,0.1,0.0002462205997618,0.0
997,997,997,997,997,997,997,997,997,8,97,0.1,0.0001943020917354,0.0
998,998,998,998,998,998,998,998,998,8,98,0.1,0.0001941774925418,0.0
999,999,999,999,999,999,999,999,999,8,99,0.1,0.0001730929874502,0.0
1000,1000,1000,1000,1000,1000,1000,1000,1000,8,0,0.001,0.1420452381698603,0.0
1001,1001,1001,1001,1001,1001,1001,1001,1001,8,1,0.001,0.1399805826554871,0.0
1002,1002,1002,1002,1002,1002,1002,1002,1002,8,2,0.001,0.1388556112955073,0.0
1003,1003,1003,1003,1003,1003,1003,1003,1003,8,3,0.001,0.1351059516295129,0.0
1004,1004,1004,1004,1004,1004,1004,1004,1004,8,4,0.001,0.1333570304787183,0.0
1005,1005,1005,1005,1005,1005,1005,1005,1005,8,5,0.001,0.1314077852113859,0.0
1006,1006,1006,1006,1006,1006,1006,1006,1006,8,6,0.001,0.130036182996044,0.0
1007,1007,1007,1007,1007,1007,1007,1007,1007,8,7,0.001,0.1296127162323057,0.0
1008,1008,1008,1008,1008,1008,1008,1008,1008,8,8,0.001,0.1272172455071678,0.0
1009,1009,1009,1009,1009,1009,1009,1009,1009,8,9,0.001,0.1243966366398173,0.0
1010,1010,1010,1010,1010,1010,1010,1010,1010,8,10,0.001,0.1205055208065452,0.0
1011,1011,1011,1011,1011,1011,1011,1011,1011,8,11,0.001,0.1200059346235232,0.0
1012,1012,1012,1012,1012,1012,1012,1012,1012,8,12,0.001,0.1187457800640408,0.0
1013,1013,1013,1013,1013,1013,1013,1013,1013,8,13,0.001,0.1175298391931214,0.0
1014,1014,1014,1014,1014,1014,1014,1014,1014,8,14,0.001,0.1133507409931847,0.0
1015,1015,1015,1015,1015,1015,1015,1015,1015,8,15,0.001,0.1096142208603585,0.0
1016,1016,1016,1016,1016,1016,1016,1016,1016,8,16,0.001,0.1092985568647622,0.0
1017,1017,1017,1017,1017,1017,1017,1017,1017,8,17,0.001,0.1045322910852869,0.0
1018,1018,1018,1018,1018,1018,1018,1018,1018,8,18,0.001,0.1039668407806606,0.0
1019,1019,1019,1019,1019,1019,1019,1019,1019,8,19,0.001,0.1014770656145174,0.0
1020,1020,1020,1020,1020,1020,1020,1020,1020,8,20,0.001,0.1014759228603256,0.0
1021,1021,1021,1021,1021,1021,1021,1021,1021,8,21,0.001,0.1001413315428917,0.0
1022,1022,1022,1022,1022,1022,1022,1022,1022,8,22,0.001,0.0990036735931952,0.0
1023,1023,1023,1023,1023,1023,1023,1023,1023,8,23,0.001,0.0980569398414301,0.0
1024,1024,1024,1024,1024,1024,1024,1024,1024,8,24,0.001,0.0977350664000972,0.0
1025,1025,1025,1025,1025,1025,1025,1025,1025,8,25,0.001,0.0976557697507866,0.0
1026,1026,1026,1026,1026,1026,1026,1026,1026,8,26,0.001,0.0972153277537154,0.0
1027,1027,1027,1027,1027,1027,1027,1027,1027,8,27,0.001,0.0960606907233493,0.0
1028,1028,1028,1028,1028,1028,1028,1028,1028,8,28,0.001,0.0953839575556504,0.0
1029,1029,1029,1029,1029,1029,1029,1029,1029,8,29,0.001,0.0948482939234022,0.0
1030,1030,1030,1030,1030,1030,1030,1030,1030,8,30,0.001,0.0946234108908504,0.0
1031,1031,1031,1031,1031,1031,1031,1031,1031,8,31,0.001,0.0930898979958701,0.0
1032,1032,1032,1032,1032,1032,1032,1032,1032,8,32,0.001,0.0914267851714688,0.0
1033,1033,1033,1033,1033,1033,1033,1033,1033,8,33,0.001,0.0908926795220244,0.0
1034,1034,1034,1034,1034,1034,1034,1034,1034,8,34,0.001,0.090571711231745,0.0
1035,1035,1035,1035,1035,1035,1035,1035,1035,8,35,0.001,0.0853762888034604,0.0
1036,1036,1036,1036,1036,1036,1036,1036,1036,8,36,0.001,0.084929402435307,0.0
1037,1037,1037,1037,1037,1037,1037,1037,1037,8,37,0.001,0.080324467344457,0.0
1038,1038,1038,1038,1038,1038,1038,1038,1038,8,38,0.001,0.0790964578328177,0.0
1039,1039,1039,1039,1039,1039,1039,1039,1039,8,39,0.001,0.077903739241463,0.0
1040,1040,1040,1040,1040,1040,1040,1040,1040,8,40,0.001,0.0751687888675034,0.0
1041,1041,1041,1041,1041,1041,1041,1041,1041,8,41,0.001,0.0747099397541369,0.0
1042,1042,1042,1042,1042,1042,1042,1042,1042,8,42,0.001,0.0732505220378331,0.0
1043,1043,1043,1043,1043,1043,1043,1043,1043,8,43,0.001,0.0728090877747882,0.0
1044,1044,1044,1044,1044,1044,1044,1044,1044,8,44,0.001,0.0721408065852231,0.0
1045,1045,1045,1045,1045,1045,1045,1045,1045,8,45,0.001,0.0677559436365089,0.0
1046,1046,1046,1046,1046,1046,1046,1046,1046,8,46,0.001,0.0668509360627834,0.0
1047,1047,1047,1047,1047,1047,1047,1047,1047,8,47,0.001,0.064240224278011,0.0
1048,1048,1048,1048,1048,1048,1048,1048,1048,8,48,0.001,0.0637003384897252,0.0
1049,1049,1049,1049,1049,1049,1049,1049,1049,8,49,0.001,0.0633222823542381,0.0
1050,1050,1050,1050,1050,1050,1050,1050,1050,8,50,0.001,0.0631294180459703,0.0
1051,1051,1051,1051,1051,1051,1051,1051,1051,8,51,0.001,0.0628286551013342,0.0
1052,1052,1052,1052,1052,1052,1052,1052,1052,8,52,0.001,0.0618381645211352,0.0
1053,1053,1053,1053,1053,1053,1053,1053,1053,8,53,0.001,0.0615753908626542,0.0
1054,1054,1054,1054,1054,1054,1054,1054,1054,8,54,0.001,0.0610506504844613,0.0
1055,1055,1055,1055,1055,1055,1055,1055,1055,8,55,0.001,0.0572158406302526,0.0
1056,1056,1056,1056,1056,1056,1056,1056,1056,8,56,0.001,0.0567850690761642,0.0
1057,1057,1057,1057,1057,1057,1057,1057,1057,8,57,0.001,0.0566243722333393,0.0
1058,1058,1058,1058,1058,1058,1058,1058,1058,8,58,0.001,0.0554568562204038,0.0
1059,1059,1059,1059,1059,1059,1059,1059,1059,8,59,0.001,0.0540662729009464,0.0
1060,1060,1060,1060,1060,1060,1060,1060,1060,8,60,0.001,0.0540666040526988,0.0
1061,1061,1061,1061,1061,1061,1061,1061,1061,8,61,0.001,0.051480613070419,0.0
1062,1062,1062,1062,1062,1062,1062,1062,1062,8,62,0.001,0.0514517297414727,0.0
1063,1063,1063,1063,1063,1063,1063,1063,1063,8,63,0.001,0.0510948021284682,0.0
1064,1064,1064,1064,1064,1064,1064,1064,1064,8,64,0.001,0.0501873814454103,0.0
1065,1065,1065,1065,1065,1065,1065,1065,1065,8,65,0.001,0.0501821893134665,0.0
1066,1066,1066,1066,1066,1066,1066,1066,1066,8,66,0.001,0.0501723882705138,0.0
1067,1067,1067,1067,1067,1067,1067,1067,1067,8,67,0.001,0.0497724325812943,0.0
1068,1068,1068,1068,1068,1068,1068,1068,1068,8,68,0.001,0.0470837680106094,0.0
1069,1069,1069,1069,1069,1069,1069,1069,1069,8,69,0.001,0.0463205662242657,0.0
1070,1070,1070,1070,1070,1070,1070,1070,1070,8,70,0.001,0.0449063926106081,0.0
1071,1071,1071,1071,1071,1071,1071,1071,1071,8,71,0.001,0.0447593554450913,0.0
1072,1072,1072,1072,1072,1072,1072,1072,1072,8,72,0.001,0.0447282621707453,0.0
1073,1073,1073,1073,1073,1073,1073,1073,1073,8,73,0.001,0.0433696909854835,0.0
1074,1074,1074,1074,1074,1074,1074,1074,1074,8,74,0.001,0.0429517714275469,0.0
1075,1075,1075,1075,1075,1075,1075,1075,1075,8,75,0.001,0.0423132790083278,0.0
1076,1076,1076,1076,1076,1076,1076,1076,1076,8,76,0.001,0.0405952673272435,0.0
1077,1077,1077,1077,1077,1077,1077,1077,1077,8,77,0.001,0.0399545631124165,0.0
1078,1078,1078,1078,1078,1078,1078,1078,1078,8,78,0.001,0.0399258968446904,0.0
1079,1079,1079,1079,1079,1079,1079,1079,1079,8,79,0.001,0.0382955037910819,0.0
1080,1080,1080,1080,1080,1080,1080,1080,1080,8,80,0.001,0.0376901983313323,0.0
1081,1081,1081,1081,1081,1081,1081,1081,1081,8,81,0.001,0.037673663696551,0.0
1082,1082,1082,1082,1082,1082,1082,1082,1082,8,82,0.001,0.0376634879721662,0.0
1083,1083,1083,1083,1083,1083,1083,1083,1083,8,83,0.001,0.0346861023521197,0.0
1084,1084,1084,1084,1084,1084,1084,1084,1084,8,84,0.001,0.0344726268055666,0.0
1085,1085,1085,1085,1085,1085,1085,1085,1085,8,85,0.001,0.03143258862477,0.0
1086,1086,1086,1086,1086,1086,1086,1086,1086,8,86,0.001,0.0312638897611025,0.0
1087,1087,1087,1087,1087,1087,1087,1087,1087,8,87,0.001,0.0311820112595527,0.0
1088,1088,1088,1088,1088,1088,1088,1088,1088,8,88,0.001,0.0304246283058089,0.0
1089,1089,1089,1089,1089,1089,1089,1089,1089,8,89,0.001,0.0302092052948965,0.0
1090,1090,1090,1090,1090,1090,1090,1090,1090,8,90,0.001,0.0301686618492896,0.0
1091,1091,1091,1091,1091,1091,1091,1091,1091,8,91,0.001,0.0301489447003454,0.0
1092,1092,1092,1092,1092,1092,1092,1092,1092,8,92,0.001,0.0293393364928182,0.0
1093,1093,1093,1093,1093,1093,1093,1093,1093,8,93,0.001,0.0285434004320564,0.0
1094,1094,1094,1094,1094,1094,1094,1094,1094,8,94,0.001,0.0285401085690521,0.0
1095,1095,1095,1095,1095,1095,1095,1095,1095,8,95,0.001,0.028315288181309,0.0
1096,1096,1096,1096,1096,1096,1096,1096,1096,8,96,0.001,0.028159253244891,0.0
1097,1097,1097,1097,1097,1097,1097,1097,1097,8,97,0.001,0.027654212320944,0.0
1098,1098,1098,1098,1098,1098,1098,1098,1098,8,98,0.001,0.0266044256540848,0.0
1099,1099,1099,1099,1099,1099,1099,1099,1099,8,99,0.001,0.0265979416109959,0.0
1100,1100,1100,1100,1100,1100,1100,1100,1100,8,0,0.0001,0.1514999190426388,0.0
1101,1101,1101,1101,1101,1101,1101,1101,1101,8,1,0.0001,0.1511122338596596,0.0
1102,1102,1102,1102,1102,1102,1102,1102,1102,8,2,0.0001,0.1505830109135415,0.0
1103,1103,1103,1103,1103,1103,1103,1103,1103,8,3,0.0001,0.1484829049547307,0.0
1104,1104,1104,1104,1104,1104,1104,1104,1104,8,4,0.0001,0.1481580928127621,0.0
1105,1105,1105,1105,1105,1105,1105,1105,1105,8,5,0.0001,0.1466970269701861,0.0
1106,1106,1106,1106,1106,1106,1106,1106,1106,8,6,0.0001,0.1447844511091905,0.0
1107,1107,1107,1107,1107,1107,1107,1107,1107,8,7,0.0001,0.140638322016534,0.0
1108,1108,1108,1108,1108,1108,1108,1108,1108,8,8,0.0001,0.1404771247106885,0.0
1109,1109,1109,1109,1109,1109,1109,1109,1109,8,9,0.0001,0.1378055846920211,0.0
1110,1110,1110,1110,1110,1110,1110,1110,1110,8,10,0.0001,0.1371092936882064,0.0
1111,1111,1111,1111,1111,1111,1111,1111,1111,8,11,0.0001,0.1368476264827082,0.0
1112,1112,1112,1112,1112,1112,1112,1112,1112,8,12,0.0001,0.1334278211558067,0.0
1113,1113,1113,1113,1113,1113,1113,1113,1113,8,13,0.0001,0.1320576429253519,0.0
1114,1114,1114,1114,1114,1114,1114,1114,1114,8,14,0.0001,0.1296705871687677,0.0
1115,1115,1115,1115,1115,1115,1115,1115,1115,8,15,0.0001,0.1272870233598515,0.0
1116,1116,1116,1116,1116,1116,1116,1116,1116,8,16,0.0001,0.1256854085815096,0.0
1117,1117,1117,1117,1117,1117,1117,1117,1117,8,17,0.0001,0.1256252046220161,0.0
1118,1118,1118,1118,1118,1118,1118,1118,1118,8,18,0.0001,0.1239443553203304,0.0
1119,1119,1119,1119,1119,1119,1119,1119,1119,8,19,0.0001,0.1232252816897584,0.0
1120,1120,1120,1120,1120,1120,1120,1120,1120,8,20,0.0001,0.1231624379696013,0.0
1121,1121,1121,1121,1121,1121,1121,1121,1121,8,21,0.0001,0.1220762821321477,0.0
1122,1122,1122,1122,1122,1122,1122,1122,1122,8,22,0.0001,0.1208251550929621,0.0
1123,1123,1123,1123,1123,1123,1123,1123,1123,8,23,0.0001,0.120656278910033,0.0
1124,1124,1124,1124,1124,1124,1124,1124,1124,8,24,0.0001,0.1205401413821114,0.0
1125,1125,1125,1125,1125,1125,1125,1125,1125,8,25,0.0001,0.1155918487330106,0.0
1126,1126,1126,1126,1126,1126,1126,1126,1126,8,26,0.0001,0.1142361262406994,0.0
1127,1127,1127,1127,1127,1127,1127,1127,1127,8,27,0.0001,0.1117596553317895,0.0
1128,1128,1128,1128,1128,1128,1128,1128,1128,8,28,0.0001,0.1095694879946376,0.0
1129,1129,1129,1129,1129,1129,1129,1129,1129,8,29,0.0001,0.1094281815912269,0.0
1130,1130,1130,1130,1130,1130,1130,1130,1130,8,30,0.0001,0.1071889015568854,0.0
1131,1131,1131,1131,1131,1131,1131,1131,1131,8,31,0.0001,0.106851757608595,0.0
1132,1132,1132,1132,1132,1132,1132,1132,1132,8,32,0.0001,0.1062240895768114,0.0
1133,1133,1133,1133,1133,1133,1133,1133,1133,8,33,0.0001,0.1059576859488632,0.0
1134,1134,1134,1134,1134,1134,1134,1134,1134,8,34,0.0001,0.1045024145929073,0.0
1135,1135,1135,1135,1135,1135,1135,1135,1135,8,35,0.0001,0.1011336490501495,0.0
1136,1136,1136,1136,1136,1136,1136,1136,1136,8,36,0.0001,0.1002071729394736,0.0
1137,1137,1137,1137,1137,1137,1137,1137,1137,8,37,0.0001,0.0946067306952352,0.0
1138,1138,1138,1138,1138,1138,1138,1138,1138,8,38,0.0001,0.0943270433610841,0.0
1139,1139,1139,1139,1139,1139,1139,1139,1139,8,39,0.0001,0.0926278479720681,0.0
1140,1140,1140,1140,1140,1140,1140,1140,1140,8,40,0.0001,0.0924723319597345,0.0
1141,1141,1141,1141,1141,1141,1141,1141,1141,8,41,0.0001,0.0918693628356548,0.0
1142,1142,1142,1142,1142,1142,1142,1142,1142,8,42,0.0001,0.0837150068788753,0.0
1143,1143,1143,1143,1143,1143,1143,1143,1143,8,43,0.0001,0.0811176869924326,0.0
1144,1144,1144,1144,1144,1144,1144,1144,1144,8,44,0.0001,0.0807335625154006,0.0
1145,1145,1145,1145,1145,1145,1145,1145,1145,8,45,0.0001,0.0799892085734413,0.0
1146,1146,1146,1146,1146,1146,1146,1146,1146,8,46,0.0001,0.0798096774160914,0.0
1147,1147,1147,1147,1147,1147,1147,1147,1147,8,47,0.0001,0.0795393798855062,0.0
1148,1148,1148,1148,1148,1148,1148,1148,1148,8,48,0.0001,0.0792894580357567,0.0
1149,1149,1149,1149,1149,1149,1149,1149,1149,8,49,0.0001,0.0785407129519306,0.0
1150,1150,1150,1150,1150,1150,1150,1150,1150,8,50,0.0001,0.0777647005370786,0.0
1151,1151,1151,1151,1151,1151,1151,1151,1151,8,51,0.0001,0.0778674101505132,0.0
1152,1152,1152,1152,1152,1152,1152,1152,1152,8,52,0.0001,0.077588510473231,0.0
1153,1153,1153,1153,1153,1153,1153,1153,1153,8,53,0.0001,0.0768347834402924,0.0
1154,1154,1154,1154,1154,1154,1154,1154,1154,8,54,0.0001,0.0756351981173378,0.0
1155,1155,1155,1155,1155,1155,1155,1155,1155,8,55,0.0001,0.0739693571926455,0.0
1156,1156,1156,1156,1156,1156,1156,1156,1156,8,56,0.0001,0.0728450008476613,0.0
1157,1157,1157,1157,1157,1157,1157,1157,1157,8,57,0.0001,0.0724459467500251,0.0
1158,1158,1158,1158,1158,1158,1158,1158,1158,8,58,0.0001,0.0723176835364553,0.0
1159,1159,1159,1159,1159,1159,1159,1159,1159,8,59,0.0001,0.0722166189744095,0.0
1160,1160,1160,1160,1160,1160,1160,1160,1160,8,60,0.0001,0.0715608622299713,0.0
1161,1161,1161,1161,1161,1161,1161,1161,1161,8,61,0.0001,0.0711703078883667,0.0
1162,1162,1162,1162,1162,1162,1162,1162,1162,8,62,0.0001,0.0692203766954884,0.0
1163,1163,1163,1163,1163,1163,1163,1163,1163,8,63,0.0001,0.0665689755815356,0.0
1164,1164,1164,1164,1164,1164,1164,1164,1164,8,64,0.0001,0.0665221409886104,0.0
1165,1165,1165,1165,1165,1165,1165,1165,1165,8,65,0.0001,0.0665294073389639,0.0
1166,1166,1166,1166,1166,1166,1166,1166,1166,8,66,0.0001,0.0658476078964473,0.0
1167,1167,1167,1167,1167,1167,1167,1167,1167,8,67,0.0001,0.0646322155065085,0.0
1168,1168,1168,1168,1168,1168,1168,1168,1168,8,68,0.0001,0.0624236747900324,0.0
1169,1169,1169,1169,1169,1169,1169,1169,1169,8,69,0.0001,0.0623758104839021,0.0
1170,1170,1170,1170,1170,1170,1170,1170,1170,8,70,0.0001,0.0623171009900041,0.0
1171,1171,1171,1171,1171,1171,1171,1171,1171,8,71,0.0001,0.0623034023873219,0.0
1172,1172,1172,1172,1172,1172,1172,1172,1172,8,72,0.0001,0.0622364971422132,0.0
1173,1173,1173,1173,1173,1173,1173,1173,1173,8,73,0.0001,0.0622231086191049,0.0
1174,1174,1174,1174,1174,1174,1174,1174,1174,8,74,0.0001,0.0619278398451242,0.0
1175,1175,1175,1175,1175,1175,1175,1175,1175,8,75,0.0001,0.0557723766163021,0.0
1176,1176,1176,1176,1176,1176,1176,1176,1176,8,76,0.0001,0.0531457050713088,0.0
1177,1177,1177,1177,1177,1177,1177,1177,1177,8,77,0.0001,0.0526854560619971,0.0
1178,1178,1178,1178,1178,1178,1178,1178,1178,8,78,0.0001,0.0525450814496639,0.0
1179,1179,1179,1179,1179,1179,1179,1179,1179,8,79,0.0001,0.0498136182490547,0.0
1180,1180,1180,1180,1180,1180,1180,1180,1180,8,80,0.0001,0.0494872653900812,0.0
1181,1181,1181,1181,1181,1181,1181,1181,1181,8,81,0.0001,0.0494480705046721,0.0
1182,1182,1182,1182,1182,1182,1182,1182,1182,8,82,0.0001,0.0494362576588411,0.0
1183,1183,1183,1183,1183,1183,1183,1183,1183,8,83,0.0001,0.0482145437852751,0.0
1184,1184,1184,1184,1184,1184,1184,1184,1184,8,84,0.0001,0.0471433076927423,0.0
1185,1185,1185,1185,1185,1185,1185,1185,1185,8,85,0.0001,0.0470806737828581,0.0
1186,1186,1186,1186,1186,1186,1186,1186,1186,8,86,0.0001,0.0465583248328364,0.0
1187,1187,1187,1187,1187,1187,1187,1187,1187,8,87,0.0001,0.0459965217240136,0.0
1188,1188,1188,1188,1188,1188,1188,1188,1188,8,88,0.0001,0.0448996945187993,0.0
1189,1189,1189,1189,1189,1189,1189,1189,1189,8,89,0.0001,0.0447882445136622,0.0
1190,1190,1190,1190,1190,1190,1190,1190,1190,8,90,0.0001,0.0441820785634212,0.0
1191,1191,1191,1191,1191,1191,1191,1191,1191,8,91,0.0001,0.0439851831992306,0.0
1192,1192,1192,1192,1192,1192,1192,1192,1192,8,92,0.0001,0.0439853754117351,0.0
1193,1193,1193,1193,1193,1193,1193,1193,1193,8,93,0.0001,0.043438624519965,0.0
1194,1194,1194,1194,1194,1194,1194,1194,1194,8,94,0.0001,0.0423319568094842,0.0
1195,1195,1195,1195,1195,1195,1195,1195,1195,8,95,0.0001,0.0421886337124502,0.0
1196,1196,1196,1196,1196,1196,1196,1196,1196,8,96,0.0001,0.0418600553156089,0.0
1197,1197,1197,1197,1197,1197,1197,1197,1197,8,97,0.0001,0.0417669131916337,0.0
1198,1198,1198,1198,1198,1198,1198,1198,1198,8,98,0.0001,0.039140535691412,0.0
1199,1199,1199,1199,1199,1199,1199,1199,1199,8,99,0.0001,0.0385647765007544,0.0
